{
  "type": "FeatureCollection",
  "features": [
    {
      "type": "Feature",
      "geometry": {
        "type": "LineString",
        "coordinates": [
          [
            -122.0558842,
            36.9975853
          ],
          [
            -122.0558748,
            36.997638
          ],
          [
            -122.0558829,
            36.9976443
          ],
          [
            -122.0558783,
            36.9976627
          ],
          [
            -122.0558707,
            36.9976662
          ],
          [
            -122.0558653,
            36.9976938
          ],
          [
            -122.0558929,
            36.9977341
          ],
          [
            -122.0558824,
            36.9977657
          ],
          [
            -122.055846,
            36.9977581
          ],
          [
            -122.0558384,
            36.9977813
          ],
          [
            -122.0558298,
            36.9978074
          ],
          [
            -122.0558612,
            36.997814
          ],
          [
            -122.0558532,
            36.9978382
          ],
          [
            -122.0558351,
            36.9978933
          ],
          [
            -122.055812,
            36.9979752
          ],
          [
            -122.0558387,
            36.9980387
          ],
          [
            -122.0558175,
            36.9980318
          ],
          [
            -122.0557712,
            36.9980972
          ],
          [
            -122.0557064,
            36.9981733
          ],
          [
            -122.0556689,
            36.9982304
          ],
          [
            -122.0556779,
            36.9982753
          ],
          [
            -122.0556584,
            36.9983232
          ],
          [
            -122.0556077,
            36.9983615
          ],
          [
            -122.0555835,
            36.9984243
          ],
          [
            -122.0555739,
            36.9984229
          ],
          [
            -122.0555375,
            36.9984152
          ],
          [
            -122.0555359,
            36.9983767
          ],
          [
            -122.0555253,
            36.9983689
          ],
          [
            -122.0554954,
            36.9983294
          ],
          [
            -122.0555163,
            36.9982853
          ],
          [
            -122.0555307,
            36.9982891
          ],
          [
            -122.055571,
            36.9982519
          ],
          [
            -122.0556054,
            36.9982193
          ],
          [
            -122.0555726,
            36.9982163
          ],
          [
            -122.0556009,
            36.9981727
          ],
          [
            -122.0556233,
            36.9981245
          ],
          [
            -122.0556426,
            36.9980745
          ],
          [
            -122.0556587,
            36.9980249
          ],
          [
            -122.0556894,
            36.9980121
          ],
          [
            -122.0556827,
            36.9979718
          ],
          [
            -122.0556762,
            36.9979291
          ],
          [
            -122.0555895,
            36.9979313
          ],
          [
            -122.0555922,
            36.9979121
          ],
          [
            -122.0555904,
            36.9978901
          ],
          [
            -122.0555891,
            36.9978682
          ],
          [
            -122.0555855,
            36.997849
          ],
          [
            -122.055643,
            36.997843
          ],
          [
            -122.0556308,
            36.9977499
          ],
          [
            -122.0556259,
            36.9977209
          ],
          [
            -122.0556185,
            36.9976899
          ],
          [
            -122.0555566,
            36.9977033
          ],
          [
            -122.0555534,
            36.9976749
          ],
          [
            -122.0555494,
            36.9976627
          ],
          [
            -122.0555771,
            36.9976585
          ],
          [
            -122.0558387,
            36.9975972
          ],
          [
            -122.0558467,
            36.9975953
          ],
          [
            -122.0558696,
            36.9975892
          ],
          [
            -122.0558842,
            36.9975853
          ]
        ]
      },
      "properties": {
        "location": "102 QUARRY PLAZA",
        "match_type": "exact_name",
        "osm_id": 37509684,
        "osm_type": "way",
        "matched_name": "QUARRY PLAZA"
      }
    },
    {
      "type": "Feature",
      "geometry": {
        "type": "LineString",
        "coordinates": [
          [
            -122.0558842,
            36.9975853
          ],
          [
            -122.0558748,
            36.997638
          ],
          [
            -122.0558829,
            36.9976443
          ],
          [
            -122.0558783,
            36.9976627
          ],
          [
            -122.0558707,
            36.9976662
          ],
          [
            -122.0558653,
            36.9976938
          ],
          [
            -122.0558929,
            36.9977341
          ],
          [
            -122.0558824,
            36.9977657
          ],
          [
            -122.055846,
            36.9977581
          ],
          [
            -122.0558384,
            36.9977813
          ],
          [
            -122.0558298,
            36.9978074
          ],
          [
            -122.0558612,
            36.997814
          ],
          [
            -122.0558532,
            36.9978382
          ],
          [
            -122.0558351,
            36.9978933
          ],
          [
            -122.055812,
            36.9979752
          ],
          [
            -122.0558387,
            36.9980387
          ],
          [
            -122.0558175,
            36.9980318
          ],
          [
            -122.0557712,
            36.9980972
          ],
          [
            -122.0557064,
            36.9981733
          ],
          [
            -122.0556689,
            36.9982304
          ],
          [
            -122.0556779,
            36.9982753
          ],
          [
            -122.0556584,
            36.9983232
          ],
          [
            -122.0556077,
            36.9983615
          ],
          [
            -122.0555835,
            36.9984243
          ],
          [
            -122.0555739,
            36.9984229
          ],
          [
            -122.0555375,
            36.9984152
          ],
          [
            -122.0555359,
            36.9983767
          ],
          [
            -122.0555253,
            36.9983689
          ],
          [
            -122.0554954,
            36.9983294
          ],
          [
            -122.0555163,
            36.9982853
          ],
          [
            -122.0555307,
            36.9982891
          ],
          [
            -122.055571,
            36.9982519
          ],
          [
            -122.0556054,
            36.9982193
          ],
          [
            -122.0555726,
            36.9982163
          ],
          [
            -122.0556009,
            36.9981727
          ],
          [
            -122.0556233,
            36.9981245
          ],
          [
            -122.0556426,
            36.9980745
          ],
          [
            -122.0556587,
            36.9980249
          ],
          [
            -122.0556894,
            36.9980121
          ],
          [
            -122.0556827,
            36.9979718
          ],
          [
            -122.0556762,
            36.9979291
          ],
          [
            -122.0555895,
            36.9979313
          ],
          [
            -122.0555922,
            36.9979121
          ],
          [
            -122.0555904,
            36.9978901
          ],
          [
            -122.0555891,
            36.9978682
          ],
          [
            -122.0555855,
            36.997849
          ],
          [
            -122.055643,
            36.997843
          ],
          [
            -122.0556308,
            36.9977499
          ],
          [
            -122.0556259,
            36.9977209
          ],
          [
            -122.0556185,
            36.9976899
          ],
          [
            -122.0555566,
            36.9977033
          ],
          [
            -122.0555534,
            36.9976749
          ],
          [
            -122.0555494,
            36.9976627
          ],
          [
            -122.0555771,
            36.9976585
          ],
          [
            -122.0558387,
            36.9975972
          ],
          [
            -122.0558467,
            36.9975953
          ],
          [
            -122.0558696,
            36.9975892
          ],
          [
            -122.0558842,
            36.9975853
          ]
        ]
      },
      "properties": {
        "location": "102 QUARRY PLAZA LOADING DOCK",
        "match_type": "exact_name",
        "osm_id": 37509684,
        "osm_type": "way",
        "matched_name": "QUARRY PLAZA"
      }
    },
    {
      "type": "Feature",
      "geometry": {
        "type": "LineString",
        "coordinates": [
          [
            -122.0539697,
            36.9915853
          ],
          [
            -122.0539343,
            36.9916327
          ],
          [
            -122.0538698,
            36.9917314
          ],
          [
            -122.0537972,
            36.9918664
          ],
          [
            -122.0537835,
            36.9919612
          ],
          [
            -122.0537783,
            36.9920223
          ],
          [
            -122.0538252,
            36.9922219
          ],
          [
            -122.053867,
            36.992342
          ],
          [
            -122.0538773,
            36.9923672
          ],
          [
            -122.0539813,
            36.9930374
          ]
        ]
      },
      "properties": {
        "location": "104 EAST REMOTE",
        "match_type": "fallback_parent_polygon",
        "osm_id": 34317714,
        "osm_type": "way",
        "matched_name": "EAST REMOTE FOOTPATH"
      }
    },
    {
      "type": "Feature",
      "geometry": {
        "type": "LineString",
        "coordinates": [
          [
            -122.0539697,
            36.9915853
          ],
          [
            -122.0539343,
            36.9916327
          ],
          [
            -122.0538698,
            36.9917314
          ],
          [
            -122.0537972,
            36.9918664
          ],
          [
            -122.0537835,
            36.9919612
          ],
          [
            -122.0537783,
            36.9920223
          ],
          [
            -122.0538252,
            36.9922219
          ],
          [
            -122.053867,
            36.992342
          ],
          [
            -122.0538773,
            36.9923672
          ],
          [
            -122.0539813,
            36.9930374
          ]
        ]
      },
      "properties": {
        "location": "104 EAST REMOTE PARKMOBILE",
        "match_type": "fallback_parent_polygon",
        "osm_id": 34317714,
        "osm_type": "way",
        "matched_name": "EAST REMOTE FOOTPATH"
      }
    },
    {
      "type": "Feature",
      "geometry": {
        "type": "Polygon",
        "coordinates": [
          [
            [
              -122.051822,
              36.9790318
            ],
            [
              -122.0517992,
              36.9789884
            ],
            [
              -122.0517438,
              36.979023
            ],
            [
              -122.0516262,
              36.9791462
            ],
            [
              -122.0516233,
              36.9791788
            ],
            [
              -122.05169,
              36.9792188
            ],
            [
              -122.0517118,
              36.9791993
            ],
            [
              -122.0517204,
              36.9791468
            ],
            [
              -122.051822,
              36.9790318
            ]
          ]
        ]
      },
      "properties": {
        "location": "105 UNIVERSITY POLICE",
        "match_type": "exact_lot_ref",
        "osm_id": 47847063,
        "osm_type": "way",
        "matched_name": "105"
      }
    },
    {
      "type": "Feature",
      "geometry": {
        "type": "Polygon",
        "coordinates": [
          [
            [
              -122.0518925,
              36.9800916
            ],
            [
              -122.0519568,
              36.9801236
            ],
            [
              -122.0520924,
              36.9801901
            ],
            [
              -122.0521953,
              36.980241
            ],
            [
              -122.0522344,
              36.9801905
            ],
            [
              -122.0520626,
              36.9801056
            ],
            [
              -122.0520761,
              36.9800883
            ],
            [
              -122.052117,
              36.9800366
            ],
            [
              -122.0521391,
              36.9800085
            ],
            [
              -122.0521006,
              36.9799892
            ],
            [
              -122.0521083,
              36.9799794
            ],
            [
              -122.0520395,
              36.9799449
            ],
            [
              -122.0520289,
              36.9799585
            ],
            [
              -122.0518922,
              36.97989
            ],
            [
              -122.0518865,
              36.9798973
            ],
            [
              -122.0518607,
              36.9798844
            ],
            [
              -122.0518393,
              36.9799117
            ],
            [
              -122.0518628,
              36.9799234
            ],
            [
              -122.0518389,
              36.979954
            ],
            [
              -122.0519192,
              36.9799941
            ],
            [
              -122.0519547,
              36.9800118
            ],
            [
              -122.0518925,
              36.9800916
            ]
          ]
        ]
      },
      "properties": {
        "location": "106 COWELL COLLEGE",
        "match_type": "exact_lot_ref",
        "osm_id": 34571151,
        "osm_type": "way",
        "matched_name": "CARRIAGE HOUSE"
      }
    },
    {
      "type": "Feature",
      "geometry": {
        "type": "Polygon",
        "coordinates": [
          [
            [
              -122.0536239,
              36.9976873
            ],
            [
              -122.0536479,
              36.9977938
            ],
            [
              -122.0536931,
              36.997991
            ],
            [
              -122.0535146,
              36.9980609
            ],
            [
              -122.0532293,
              36.9980262
            ],
            [
              -122.0529806,
              36.9978774
            ],
            [
              -122.0531251,
              36.9977057
            ],
            [
              -122.0533943,
              36.9975644
            ],
            [
              -122.0536239,
              36.9976873
            ]
          ]
        ]
      },
      "properties": {
        "location": "107 COWELL/STEVENSON",
        "match_type": "exact_lot_ref",
        "osm_id": 188686286,
        "osm_type": "way",
        "matched_name": "107"
      }
    },
    {
      "type": "Feature",
      "geometry": {
        "type": "Polygon",
        "coordinates": [
          [
            [
              -122.0530212,
              36.9977418
            ],
            [
              -122.0530856,
              36.9977183
            ],
            [
              -122.0529719,
              36.9976872
            ],
            [
              -122.052812,
              36.9976883
            ],
            [
              -122.0527128,
              36.9976561
            ],
            [
              -122.0524645,
              36.9976719
            ],
            [
              -122.0523217,
              36.9976798
            ],
            [
              -122.0522791,
              36.9976773
            ],
            [
              -122.0522515,
              36.997654
            ],
            [
              -122.0521804,
              36.9975758
            ],
            [
              -122.0520101,
              36.9975833
            ],
            [
              -122.0519055,
              36.997639
            ],
            [
              -122.0518856,
              36.997715
            ],
            [
              -122.0519338,
              36.9978266
            ],
            [
              -122.0520932,
              36.9978564
            ],
            [
              -122.0521576,
              36.9978489
            ],
            [
              -122.0522575,
              36.9978084
            ],
            [
              -122.0523695,
              36.9977825
            ],
            [
              -122.0525043,
              36.9977433
            ],
            [
              -122.0525086,
              36.9977571
            ],
            [
              -122.05268,
              36.9977533
            ],
            [
              -122.0527471,
              36.9977445
            ],
            [
              -122.0527959,
              36.9977247
            ],
            [
              -122.0530212,
              36.9977418
            ]
          ]
        ]
      },
      "properties": {
        "location": "108 STEVENSON SERVICE ROAD",
        "match_type": "exact_lot_ref",
        "osm_id": 190282893,
        "osm_type": "way",
        "matched_name": "108"
      }
    },
    {
      "type": "Feature",
      "geometry": {
        "type": "Polygon",
        "coordinates": [
          [
            [
              -122.0522296,
              36.9982352
            ],
            [
              -122.0522408,
              36.9981232
            ],
            [
              -122.0525315,
              36.998149
            ],
            [
              -122.0533737,
              36.9982591
            ],
            [
              -122.0533769,
              36.998357
            ],
            [
              -122.0533817,
              36.9984613
            ],
            [
              -122.0531385,
              36.998447
            ],
            [
              -122.0528083,
              36.998405
            ],
            [
              -122.0522401,
              36.9983011
            ],
            [
              -122.0522296,
              36.9982352
            ]
          ]
        ]
      },
      "properties": {
        "location": "109 STEVENSON COLLEGE",
        "match_type": "exact_lot_ref",
        "osm_id": 40815653,
        "osm_type": "way",
        "matched_name": "109"
      }
    },
    {
      "type": "Feature",
      "geometry": {
        "type": "Polygon",
        "coordinates": [
          [
            [
              -122.0522296,
              36.9982352
            ],
            [
              -122.0522408,
              36.9981232
            ],
            [
              -122.0525315,
              36.998149
            ],
            [
              -122.0533737,
              36.9982591
            ],
            [
              -122.0533769,
              36.998357
            ],
            [
              -122.0533817,
              36.9984613
            ],
            [
              -122.0531385,
              36.998447
            ],
            [
              -122.0528083,
              36.998405
            ],
            [
              -122.0522401,
              36.9983011
            ],
            [
              -122.0522296,
              36.9982352
            ]
          ]
        ]
      },
      "properties": {
        "location": "109 STEVENSON COLLEGE PARKMOBILE",
        "match_type": "exact_lot_ref",
        "osm_id": 40815653,
        "osm_type": "way",
        "matched_name": "109"
      }
    },
    {
      "type": "Feature",
      "geometry": {
        "type": "Polygon",
        "coordinates": [
          [
            [
              -122.0519124,
              36.9982743
            ],
            [
              -122.0518573,
              36.9981939
            ],
            [
              -122.0513847,
              36.9982707
            ],
            [
              -122.0509027,
              36.9982244
            ],
            [
              -122.0508379,
              36.9983622
            ],
            [
              -122.0510278,
              36.998456
            ],
            [
              -122.0513803,
              36.9984362
            ],
            [
              -122.0516439,
              36.9984214
            ],
            [
              -122.0518493,
              36.9983606
            ],
            [
              -122.0519124,
              36.9982743
            ]
          ]
        ]
      },
      "properties": {
        "location": "110 STEVENSON COLLEGE",
        "match_type": "exact_lot_ref",
        "osm_id": 40815652,
        "osm_type": "way",
        "matched_name": "110"
      }
    },
    {
      "type": "Feature",
      "geometry": {
        "type": "Polygon",
        "coordinates": [
          [
            [
              -122.0553948,
              37.0010767
            ],
            [
              -122.0552735,
              37.0008158
            ],
            [
              -122.0552017,
              37.0008438
            ],
            [
              -122.0552104,
              37.0008634
            ],
            [
              -122.0553252,
              37.0010982
            ],
            [
              -122.0553948,
              37.0010767
            ]
          ]
        ]
      },
      "properties": {
        "location": "111A CROWN COLLEGE PIT",
        "match_type": "exact_name",
        "osm_id": 66444009,
        "osm_type": "way",
        "matched_name": "111"
      }
    },
    {
      "type": "Feature",
      "geometry": {
        "type": "Polygon",
        "coordinates": [
          [
            [
              -122.0553948,
              37.0010767
            ],
            [
              -122.0552735,
              37.0008158
            ],
            [
              -122.0552017,
              37.0008438
            ],
            [
              -122.0552104,
              37.0008634
            ],
            [
              -122.0553252,
              37.0010982
            ],
            [
              -122.0553948,
              37.0010767
            ]
          ]
        ]
      },
      "properties": {
        "location": "111B CROWN COLLEGE CIRCLE",
        "match_type": "exact_name",
        "osm_id": 66444009,
        "osm_type": "way",
        "matched_name": "111"
      }
    },
    {
      "type": "Feature",
      "geometry": {
        "type": "Polygon",
        "coordinates": [
          [
            [
              -122.064053,
              36.9992266
            ],
            [
              -122.0640366,
              36.9991902
            ],
            [
              -122.0641312,
              36.9991641
            ],
            [
              -122.0641148,
              36.9991268
            ],
            [
              -122.0641428,
              36.9991184
            ],
            [
              -122.0641288,
              36.9990792
            ],
            [
              -122.0640997,
              36.999083
            ],
            [
              -122.0640868,
              36.9990466
            ],
            [
              -122.0639922,
              36.9990709
            ],
            [
              -122.0639829,
              36.9990494
            ],
            [
              -122.0640284,
              36.9990382
            ],
            [
              -122.0639736,
              36.9988881
            ],
            [
              -122.0636805,
              36.9989496
            ],
            [
              -122.063698,
              36.9989925
            ],
            [
              -122.063684,
              36.9989972
            ],
            [
              -122.0636502,
              36.9989011
            ],
            [
              -122.0632299,
              36.9990065
            ],
            [
              -122.0632462,
              36.999041
            ],
            [
              -122.0631925,
              36.9990531
            ],
            [
              -122.0631961,
              36.9990655
            ],
            [
              -122.0631584,
              36.9990744
            ],
            [
              -122.0631711,
              36.9991094
            ],
            [
              -122.0631431,
              36.9991157
            ],
            [
              -122.0631568,
              36.9991544
            ],
            [
              -122.0631851,
              36.999148
            ],
            [
              -122.0631881,
              36.9991561
            ],
            [
              -122.063203,
              36.9991874
            ],
            [
              -122.0633011,
              36.999166
            ],
            [
              -122.0633069,
              36.9991837
            ],
            [
              -122.0632555,
              36.9991949
            ],
            [
              -122.0632976,
              36.999317
            ],
            [
              -122.0633431,
              36.9993086
            ],
            [
              -122.0633571,
              36.9993422
            ],
            [
              -122.0635451,
              36.9993021
            ],
            [
              -122.0635299,
              36.9992629
            ],
            [
              -122.0635416,
              36.999262
            ],
            [
              -122.0635734,
              36.9993377
            ],
            [
              -122.0639339,
              36.9992527
            ],
            [
              -122.064053,
              36.9992266
            ]
          ]
        ]
      },
      "properties": {
        "location": "112 CORE WEST STRUCTURE",
        "match_type": "exact_name",
        "osm_id": 1169131635,
        "osm_type": "way",
        "matched_name": "CORE WEST"
      }
    },
    {
      "type": "Feature",
      "geometry": {
        "type": "Polygon",
        "coordinates": [
          [
            [
              -122.0625858,
              36.9982693
            ],
            [
              -122.0625853,
              36.9982534
            ],
            [
              -122.0624629,
              36.998256
            ],
            [
              -122.0624581,
              36.99811
            ],
            [
              -122.0626956,
              36.9981048
            ],
            [
              -122.0627034,
              36.998204
            ],
            [
              -122.0626603,
              36.9982095
            ],
            [
              -122.0626653,
              36.9982676
            ],
            [
              -122.0625858,
              36.9982693
            ]
          ]
        ]
      },
      "properties": {
        "location": "113 THIMANN LAB",
        "match_type": "exact_lot_ref",
        "osm_id": 188688748,
        "osm_type": "way",
        "matched_name": "113"
      }
    },
    {
      "type": "Feature",
      "geometry": {
        "type": "Polygon",
        "coordinates": [
          [
            [
              -122.0590791,
              36.9999662
            ],
            [
              -122.0591118,
              37.0000191
            ],
            [
              -122.0591681,
              36.9999992
            ],
            [
              -122.0592941,
              37.0002345
            ],
            [
              -122.0592375,
              37.0002501
            ],
            [
              -122.0592282,
              37.0002589
            ],
            [
              -122.0592294,
              37.0002676
            ],
            [
              -122.0592323,
              37.0002727
            ],
            [
              -122.0591501,
              37.0003044
            ],
            [
              -122.0591031,
              37.0002311
            ],
            [
              -122.0590162,
              37.0002613
            ],
            [
              -122.0589518,
              37.0001361
            ],
            [
              -122.0590052,
              37.0001096
            ],
            [
              -122.0590084,
              37.0000776
            ],
            [
              -122.0589693,
              37.0000065
            ],
            [
              -122.0590791,
              36.9999662
            ]
          ]
        ]
      },
      "properties": {
        "location": "114 JOHN R. LEWIS",
        "match_type": "exact_lot_ref",
        "osm_id": 188689547,
        "osm_type": "way",
        "matched_name": "114"
      }
    },
    {
      "type": "Feature",
      "geometry": {
        "type": "Polygon",
        "coordinates": [
          [
            [
              -122.0517046,
              36.9801574
            ],
            [
              -122.0516525,
              36.9801805
            ],
            [
              -122.0515529,
              36.9802807
            ],
            [
              -122.0520143,
              36.9805534
            ],
            [
              -122.0521444,
              36.9803879
            ],
            [
              -122.0521967,
              36.980327
            ],
            [
              -122.0521736,
              36.9803318
            ],
            [
              -122.0521501,
              36.9803314
            ],
            [
              -122.0520376,
              36.9802757
            ],
            [
              -122.0518152,
              36.9801654
            ],
            [
              -122.0517583,
              36.9801467
            ],
            [
              -122.0517046,
              36.9801574
            ]
          ]
        ]
      },
      "properties": {
        "location": "115 CARRIAGE HOUSE",
        "match_type": "exact_lot_ref",
        "osm_id": 34570881,
        "osm_type": "way",
        "matched_name": "115"
      }
    },
    {
      "type": "Feature",
      "geometry": {
        "type": "Polygon",
        "coordinates": [
          [
            [
              -122.0522854,
              36.9809382
            ],
            [
              -122.0517896,
              36.9812413
            ],
            [
              -122.0515847,
              36.9809023
            ],
            [
              -122.0521338,
              36.9806437
            ],
            [
              -122.0522854,
              36.9809382
            ]
          ]
        ]
      },
      "properties": {
        "location": "116 CAMPUS FACILITIES",
        "match_type": "exact_lot_ref",
        "osm_id": 190134924,
        "osm_type": "way",
        "matched_name": "116"
      }
    },
    {
      "type": "Feature",
      "geometry": {
        "type": "Polygon",
        "coordinates": [
          [
            [
              -122.0545455,
              36.9795698
            ],
            [
              -122.0544808,
              36.9795831
            ],
            [
              -122.0544957,
              36.9796386
            ],
            [
              -122.0543661,
              36.979679
            ],
            [
              -122.0543605,
              36.9796666
            ],
            [
              -122.054339,
              36.9795842
            ],
            [
              -122.0543785,
              36.9795694
            ],
            [
              -122.0543994,
              36.9795544
            ],
            [
              -122.0544087,
              36.9795309
            ],
            [
              -122.0543915,
              36.979233
            ],
            [
              -122.0543827,
              36.9792233
            ],
            [
              -122.0543686,
              36.9792201
            ],
            [
              -122.0543533,
              36.9792198
            ],
            [
              -122.0543406,
              36.979229
            ],
            [
              -122.0543422,
              36.9791513
            ],
            [
              -122.0543578,
              36.9791621
            ],
            [
              -122.0543774,
              36.979163
            ],
            [
              -122.0544066,
              36.9791648
            ],
            [
              -122.0544309,
              36.9791636
            ],
            [
              -122.0544416,
              36.9791561
            ],
            [
              -122.0545085,
              36.9791501
            ],
            [
              -122.054535,
              36.9791713
            ],
            [
              -122.0545387,
              36.9792277
            ],
            [
              -122.0545312,
              36.9792358
            ],
            [
              -122.0545455,
              36.9795698
            ]
          ]
        ]
      },
      "properties": {
        "location": "117A ADMISSIONS",
        "match_type": "exact_name",
        "osm_id": 47848887,
        "osm_type": "way",
        "matched_name": "117"
      }
    },
    {
      "type": "Feature",
      "geometry": {
        "type": "Polygon",
        "coordinates": [
          [
            [
              -122.0545455,
              36.9795698
            ],
            [
              -122.0544808,
              36.9795831
            ],
            [
              -122.0544957,
              36.9796386
            ],
            [
              -122.0543661,
              36.979679
            ],
            [
              -122.0543605,
              36.9796666
            ],
            [
              -122.054339,
              36.9795842
            ],
            [
              -122.0543785,
              36.9795694
            ],
            [
              -122.0543994,
              36.9795544
            ],
            [
              -122.0544087,
              36.9795309
            ],
            [
              -122.0543915,
              36.979233
            ],
            [
              -122.0543827,
              36.9792233
            ],
            [
              -122.0543686,
              36.9792201
            ],
            [
              -122.0543533,
              36.9792198
            ],
            [
              -122.0543406,
              36.979229
            ],
            [
              -122.0543422,
              36.9791513
            ],
            [
              -122.0543578,
              36.9791621
            ],
            [
              -122.0543774,
              36.979163
            ],
            [
              -122.0544066,
              36.9791648
            ],
            [
              -122.0544309,
              36.9791636
            ],
            [
              -122.0544416,
              36.9791561
            ],
            [
              -122.0545085,
              36.9791501
            ],
            [
              -122.054535,
              36.9791713
            ],
            [
              -122.0545387,
              36.9792277
            ],
            [
              -122.0545312,
              36.9792358
            ],
            [
              -122.0545455,
              36.9795698
            ]
          ]
        ]
      },
      "properties": {
        "location": "117B COOK HOUSE",
        "match_type": "exact_name",
        "osm_id": 47848887,
        "osm_type": "way",
        "matched_name": "117"
      }
    },
    {
      "type": "Feature",
      "geometry": {
        "type": "Polygon",
        "coordinates": [
          [
            [
              -122.0525697,
              36.9772756
            ],
            [
              -122.0524097,
              36.9772712
            ],
            [
              -122.0524077,
              36.9774591
            ],
            [
              -122.0523817,
              36.9775152
            ],
            [
              -122.0524811,
              36.9775561
            ],
            [
              -122.0524929,
              36.9775589
            ],
            [
              -122.0525363,
              36.977569
            ],
            [
              -122.0526446,
              36.9775943
            ],
            [
              -122.052956,
              36.977667
            ],
            [
              -122.0529642,
              36.9776429
            ],
            [
              -122.0529111,
              36.9775791
            ],
            [
              -122.0528215,
              36.9774971
            ],
            [
              -122.0527372,
              36.9774493
            ],
            [
              -122.052683,
              36.9774261
            ],
            [
              -122.052566,
              36.9773396
            ],
            [
              -122.0525689,
              36.9772897
            ],
            [
              -122.0525697,
              36.9772756
            ]
          ]
        ]
      },
      "properties": {
        "location": "118 GRANARY",
        "match_type": "exact_lot_ref",
        "osm_id": 34571464,
        "osm_type": "way",
        "matched_name": "118"
      }
    },
    {
      "type": "Feature",
      "geometry": {
        "type": "Polygon",
        "coordinates": [
          [
            [
              -122.0530839,
              36.999693
            ],
            [
              -122.0530185,
              36.9996936
            ],
            [
              -122.0529741,
              36.9996939
            ],
            [
              -122.0529736,
              36.9996529
            ],
            [
              -122.0530295,
              36.9996524
            ],
            [
              -122.053029,
              36.9996167
            ],
            [
              -122.053071,
              36.9996163
            ],
            [
              -122.0530709,
              36.9996107
            ],
            [
              -122.053166,
              36.9996099
            ],
            [
              -122.0531664,
              36.9996418
            ],
            [
              -122.0531895,
              36.9996416
            ],
            [
              -122.0531902,
              36.9996921
            ],
            [
              -122.0530839,
              36.999693
            ]
          ]
        ]
      },
      "properties": {
        "location": "119 MERRILL COLLEGE",
        "match_type": "fallback_parent_polygon",
        "osm_id": 186422519,
        "osm_type": "way",
        "matched_name": "MERRILL COLLEGE OFFICE"
      }
    },
    {
      "type": "Feature",
      "geometry": {
        "type": "Polygon",
        "coordinates": [
          [
            [
              -122.0593248,
              36.9964146
            ],
            [
              -122.0592173,
              36.996386
            ],
            [
              -122.059199,
              36.996439
            ],
            [
              -122.059304,
              36.9964644
            ],
            [
              -122.0593248,
              36.9964146
            ]
          ]
        ]
      },
      "properties": {
        "location": "120A LOWER MCHENRY LIBRARY",
        "match_type": "exact_name",
        "osm_id": 191037623,
        "osm_type": "way",
        "matched_name": "120"
      }
    },
    {
      "type": "Feature",
      "geometry": {
        "type": "Polygon",
        "coordinates": [
          [
            [
              -122.0593248,
              36.9964146
            ],
            [
              -122.0592173,
              36.996386
            ],
            [
              -122.059199,
              36.996439
            ],
            [
              -122.059304,
              36.9964644
            ],
            [
              -122.0593248,
              36.9964146
            ]
          ]
        ]
      },
      "properties": {
        "location": "120B UPPER MCHENRY LIBRARY",
        "match_type": "exact_name",
        "osm_id": 191037623,
        "osm_type": "way",
        "matched_name": "120"
      }
    },
    {
      "type": "Feature",
      "geometry": {
        "type": "Polygon",
        "coordinates": [
          [
            [
              -122.0593534,
              36.9983816
            ],
            [
              -122.0593216,
              36.9985151
            ],
            [
              -122.0594286,
              36.9985802
            ],
            [
              -122.05947,
              36.9987024
            ],
            [
              -122.0595462,
              36.9986933
            ],
            [
              -122.0594221,
              36.9984368
            ],
            [
              -122.0593534,
              36.9983816
            ]
          ]
        ]
      },
      "properties": {
        "location": "121 BIOMED/SCIENCE LIBRARY",
        "match_type": "exact_lot_ref",
        "osm_id": 190667765,
        "osm_type": "way",
        "matched_name": "121"
      }
    },
    {
      "type": "Feature",
      "geometry": {
        "type": "Polygon",
        "coordinates": [
          [
            [
              -122.054205,
              36.9783594
            ],
            [
              -122.0542962,
              36.9783993
            ],
            [
              -122.05437,
              36.9783591
            ],
            [
              -122.0544236,
              36.9783028
            ],
            [
              -122.0544459,
              36.9782586
            ],
            [
              -122.0544415,
              36.9781712
            ],
            [
              -122.0542987,
              36.9777839
            ],
            [
              -122.0542538,
              36.977754
            ],
            [
              -122.0541971,
              36.9777178
            ],
            [
              -122.0541492,
              36.9776873
            ],
            [
              -122.0541191,
              36.9775724
            ],
            [
              -122.0541097,
              36.9775452
            ],
            [
              -122.0541042,
              36.9775085
            ],
            [
              -122.0540582,
              36.9775531
            ],
            [
              -122.0540015,
              36.9775609
            ],
            [
              -122.0539652,
              36.9775634
            ],
            [
              -122.0539819,
              36.9776235
            ],
            [
              -122.0540522,
              36.9778544
            ],
            [
              -122.0540719,
              36.977949
            ],
            [
              -122.0541194,
              36.978073
            ],
            [
              -122.054205,
              36.9783594
            ]
          ]
        ]
      },
      "properties": {
        "location": "122 BARN THEATER",
        "match_type": "exact_lot_ref",
        "osm_id": 47848886,
        "osm_type": "way",
        "matched_name": "122"
      }
    },
    {
      "type": "Feature",
      "geometry": {
        "type": "Polygon",
        "coordinates": [
          [
            [
              -122.0612812,
              37.0011764
            ],
            [
              -122.0613724,
              37.0011614
            ],
            [
              -122.061597,
              37.0011373
            ],
            [
              -122.0616567,
              37.0012749
            ],
            [
              -122.0614898,
              37.0012765
            ],
            [
              -122.0611203,
              37.0014891
            ],
            [
              -122.0612034,
              37.0016075
            ],
            [
              -122.0609782,
              37.001593
            ],
            [
              -122.0609292,
              37.0015073
            ],
            [
              -122.0611578,
              37.0012278
            ],
            [
              -122.0612812,
              37.0011764
            ]
          ]
        ]
      },
      "properties": {
        "location": "123 HEAT PLANT",
        "match_type": "exact_lot_ref",
        "osm_id": 190668708,
        "osm_type": "way",
        "matched_name": "123"
      }
    },
    {
      "type": "Feature",
      "geometry": {
        "type": "Polygon",
        "coordinates": [
          [
            [
              -122.0644789,
              36.9942961
            ],
            [
              -122.0643718,
              36.9943155
            ],
            [
              -122.064227,
              36.9942938
            ],
            [
              -122.0642108,
              36.9943923
            ],
            [
              -122.0642616,
              36.9945478
            ],
            [
              -122.0642584,
              36.9946393
            ],
            [
              -122.0642865,
              36.9946782
            ],
            [
              -122.0643363,
              36.9946903
            ],
            [
              -122.0643399,
              36.9947076
            ],
            [
              -122.0643384,
              36.9947508
            ],
            [
              -122.0641989,
              36.9947482
            ],
            [
              -122.0641491,
              36.994724
            ],
            [
              -122.0640983,
              36.9946419
            ],
            [
              -122.064041,
              36.9945072
            ],
            [
              -122.0640238,
              36.9944308
            ],
            [
              -122.0640215,
              36.9943517
            ],
            [
              -122.0640388,
              36.994229
            ],
            [
              -122.0640671,
              36.9941874
            ],
            [
              -122.0640874,
              36.9941427
            ],
            [
              -122.064041,
              36.9941167
            ],
            [
              -122.0641541,
              36.9939882
            ],
            [
              -122.0642728,
              36.9940511
            ],
            [
              -122.0641986,
              36.9941324
            ],
            [
              -122.0642261,
              36.9941452
            ],
            [
              -122.0642664,
              36.9941031
            ],
            [
              -122.0643778,
              36.9941521
            ],
            [
              -122.0643447,
              36.9941945
            ],
            [
              -122.0643715,
              36.9942095
            ],
            [
              -122.0644035,
              36.994213
            ],
            [
              -122.0644583,
              36.9941917
            ],
            [
              -122.0644693,
              36.9942264
            ],
            [
              -122.0644834,
              36.9942529
            ],
            [
              -122.0644789,
              36.9942961
            ]
          ]
        ]
      },
      "properties": {
        "location": "124 PORTER COLLEGE",
        "match_type": "exact_lot_ref",
        "osm_id": 189256607,
        "osm_type": "way",
        "matched_name": "124"
      }
    },
    {
      "type": "Feature",
      "geometry": {
        "type": "Polygon",
        "coordinates": [
          [
            [
              -122.0646458,
              36.9934871
            ],
            [
              -122.0648469,
              36.9935166
            ],
            [
              -122.0648408,
              36.9935503
            ],
            [
              -122.0648487,
              36.9935691
            ],
            [
              -122.0649461,
              36.9935869
            ],
            [
              -122.0649504,
              36.9935613
            ],
            [
              -122.0650434,
              36.9935767
            ],
            [
              -122.064922,
              36.9942498
            ],
            [
              -122.0648218,
              36.9941805
            ],
            [
              -122.0647713,
              36.9941044
            ],
            [
              -122.0646825,
              36.9939951
            ],
            [
              -122.0646117,
              36.9940205
            ],
            [
              -122.0644847,
              36.9938273
            ],
            [
              -122.0645457,
              36.9935346
            ],
            [
              -122.0646322,
              36.9935457
            ],
            [
              -122.0646458,
              36.9934871
            ]
          ]
        ]
      },
      "properties": {
        "location": "125 PORTER COLLEGE",
        "match_type": "exact_lot_ref",
        "osm_id": 189128615,
        "osm_type": "way",
        "matched_name": "125"
      }
    },
    {
      "type": "Feature",
      "geometry": {
        "type": "LineString",
        "coordinates": [
          [
            -122.0301586,
            36.9866998
          ],
          [
            -122.0299872,
            36.9867182
          ],
          [
            -122.029957,
            36.9867133
          ],
          [
            -122.0299248,
            36.9866994
          ],
          [
            -122.0298947,
            36.9866742
          ],
          [
            -122.0298477,
            36.9866191
          ],
          [
            -122.0297223,
            36.9864605
          ],
          [
            -122.0296888,
            36.9864391
          ],
          [
            -122.02967,
            36.9864332
          ],
          [
            -122.0296251,
            36.9864279
          ],
          [
            -122.0295454,
            36.9864466
          ]
        ]
      },
      "properties": {
        "location": "126 ARTS",
        "match_type": "fallback_parent_polygon",
        "osm_id": 10552514,
        "osm_type": "way",
        "matched_name": "TANNERY ARTS CENTER"
      }
    },
    {
      "type": "Feature",
      "geometry": {
        "type": "LineString",
        "coordinates": [
          [
            -122.0301586,
            36.9866998
          ],
          [
            -122.0299872,
            36.9867182
          ],
          [
            -122.029957,
            36.9867133
          ],
          [
            -122.0299248,
            36.9866994
          ],
          [
            -122.0298947,
            36.9866742
          ],
          [
            -122.0298477,
            36.9866191
          ],
          [
            -122.0297223,
            36.9864605
          ],
          [
            -122.0296888,
            36.9864391
          ],
          [
            -122.02967,
            36.9864332
          ],
          [
            -122.0296251,
            36.9864279
          ],
          [
            -122.0295454,
            36.9864466
          ]
        ]
      },
      "properties": {
        "location": "126 ARTS PARKMOBILE",
        "match_type": "fallback_parent_polygon",
        "osm_id": 10552514,
        "osm_type": "way",
        "matched_name": "TANNERY ARTS CENTER"
      }
    },
    {
      "type": "Feature",
      "geometry": {
        "type": "Polygon",
        "coordinates": [
          [
            [
              -122.05859,
              36.9996688
            ],
            [
              -122.0587055,
              36.9997253
            ],
            [
              -122.0587793,
              36.9996569
            ],
            [
              -122.0588655,
              36.9996573
            ],
            [
              -122.0588704,
              36.9995859
            ],
            [
              -122.0588697,
              36.9994841
            ],
            [
              -122.0587511,
              36.9994153
            ],
            [
              -122.0586501,
              36.9992569
            ],
            [
              -122.0585663,
              36.9991891
            ],
            [
              -122.0583493,
              36.9990273
            ],
            [
              -122.0578242,
              36.9992444
            ],
            [
              -122.0578716,
              36.9993742
            ],
            [
              -122.0578205,
              36.9993779
            ],
            [
              -122.0578264,
              36.9994455
            ],
            [
              -122.0578784,
              36.9994416
            ],
            [
              -122.0578956,
              36.9996977
            ],
            [
              -122.0578612,
              36.9997026
            ],
            [
              -122.057876,
              36.9998169
            ],
            [
              -122.0579744,
              36.9998052
            ],
            [
              -122.0580088,
              36.9995466
            ],
            [
              -122.0580385,
              36.9994553
            ],
            [
              -122.058067,
              36.9994247
            ],
            [
              -122.0581194,
              36.9993749
            ],
            [
              -122.0582366,
              36.9993004
            ],
            [
              -122.0583003,
              36.9992719
            ],
            [
              -122.0583687,
              36.9992544
            ],
            [
              -122.0584731,
              36.9992452
            ],
            [
              -122.0585197,
              36.9992542
            ],
            [
              -122.0585602,
              36.999273
            ],
            [
              -122.0586042,
              36.9993095
            ],
            [
              -122.0586321,
              36.9993591
            ],
            [
              -122.05859,
              36.9996688
            ]
          ]
        ]
      },
      "properties": {
        "location": "128 HEALTH CENTER",
        "match_type": "exact_lot_ref",
        "osm_id": 189460420,
        "osm_type": "way",
        "matched_name": "128"
      }
    },
    {
      "type": "Feature",
      "geometry": {
        "type": "Polygon",
        "coordinates": [
          [
            [
              -122.0670707,
              36.9908888
            ],
            [
              -122.0670037,
              36.9909334
            ],
            [
              -122.0669172,
              36.9909605
            ],
            [
              -122.0670732,
              36.991206
            ],
            [
              -122.0672408,
              36.9911199
            ],
            [
              -122.0670707,
              36.9908888
            ]
          ]
        ]
      },
      "properties": {
        "location": "129 FAMILY STUDENT HOUSING - 100 LOO",
        "match_type": "exact_lot_ref",
        "osm_id": 46271627,
        "osm_type": "way",
        "matched_name": "129"
      }
    },
    {
      "type": "Feature",
      "geometry": {
        "type": "Polygon",
        "coordinates": [
          [
            [
              -122.0676528,
              36.9906377
            ],
            [
              -122.0675391,
              36.9906595
            ],
            [
              -122.0674599,
              36.9906756
            ],
            [
              -122.0675106,
              36.9908359
            ],
            [
              -122.0675829,
              36.9909729
            ],
            [
              -122.0679239,
              36.9909468
            ],
            [
              -122.0679207,
              36.9908969
            ],
            [
              -122.0677454,
              36.9908836
            ],
            [
              -122.0676528,
              36.9906377
            ]
          ]
        ]
      },
      "properties": {
        "location": "130 FAMILY STUDENT HOUSING - 200 LOO",
        "match_type": "exact_lot_ref",
        "osm_id": 46271629,
        "osm_type": "way",
        "matched_name": "130"
      }
    },
    {
      "type": "Feature",
      "geometry": {
        "type": "Polygon",
        "coordinates": [
          [
            [
              -122.067795,
              36.9910475
            ],
            [
              -122.0675966,
              36.9910681
            ],
            [
              -122.0676224,
              36.9913635
            ],
            [
              -122.0677157,
              36.9913703
            ],
            [
              -122.0678149,
              36.991364
            ],
            [
              -122.067795,
              36.9910475
            ]
          ]
        ]
      },
      "properties": {
        "location": "131 FAMILY STUDENT HOUSING - 300 LOO",
        "match_type": "exact_lot_ref",
        "osm_id": 46271669,
        "osm_type": "way",
        "matched_name": "131"
      }
    },
    {
      "type": "Feature",
      "geometry": {
        "type": "Polygon",
        "coordinates": [
          [
            [
              -122.0684868,
              36.9909312
            ],
            [
              -122.0683644,
              36.990941
            ],
            [
              -122.0682753,
              36.9909476
            ],
            [
              -122.0682287,
              36.9906965
            ],
            [
              -122.0682931,
              36.9907007
            ],
            [
              -122.0684426,
              36.9906995
            ],
            [
              -122.0684868,
              36.9909312
            ]
          ]
        ]
      },
      "properties": {
        "location": "132 FAMILY STUDENT HOUSING - 400 LOO",
        "match_type": "exact_lot_ref",
        "osm_id": 46271652,
        "osm_type": "way",
        "matched_name": "132"
      }
    },
    {
      "type": "Feature",
      "geometry": {
        "type": "Polygon",
        "coordinates": [
          [
            [
              -122.0682902,
              36.9913706
            ],
            [
              -122.0683623,
              36.9913754
            ],
            [
              -122.0684092,
              36.9913785
            ],
            [
              -122.0684715,
              36.9913795
            ],
            [
              -122.068552,
              36.9912896
            ],
            [
              -122.0685627,
              36.9911192
            ],
            [
              -122.0685531,
              36.9910333
            ],
            [
              -122.06835,
              36.9910403
            ],
            [
              -122.0683609,
              36.9911958
            ],
            [
              -122.0683334,
              36.9912772
            ],
            [
              -122.0683026,
              36.9913099
            ],
            [
              -122.0682902,
              36.9913706
            ]
          ]
        ]
      },
      "properties": {
        "location": "133 FAMILY STUDENT HOUSING - 500 LOO",
        "match_type": "exact_lot_ref",
        "osm_id": 46271625,
        "osm_type": "way",
        "matched_name": "133"
      }
    },
    {
      "type": "Feature",
      "geometry": {
        "type": "Polygon",
        "coordinates": [
          [
            [
              -122.0689607,
              36.9902917
            ],
            [
              -122.0689,
              36.9904492
            ],
            [
              -122.0688196,
              36.9905992
            ],
            [
              -122.0688203,
              36.9907016
            ],
            [
              -122.0687608,
              36.990706
            ],
            [
              -122.0687048,
              36.9906994
            ],
            [
              -122.0687102,
              36.9905928
            ],
            [
              -122.0686442,
              36.9905694
            ],
            [
              -122.0687672,
              36.9902432
            ],
            [
              -122.0689607,
              36.9902917
            ]
          ]
        ]
      },
      "properties": {
        "location": "134 FAMILY STUDENT HOUSING - 600 LOO",
        "match_type": "exact_lot_ref",
        "osm_id": 46271639,
        "osm_type": "way",
        "matched_name": "134"
      }
    },
    {
      "type": "Feature",
      "geometry": {
        "type": "Polygon",
        "coordinates": [
          [
            [
              -122.0675154,
              36.9919511
            ],
            [
              -122.0676995,
              36.9920005
            ],
            [
              -122.0678219,
              36.9920388
            ],
            [
              -122.0678382,
              36.9920367
            ],
            [
              -122.0678554,
              36.9920301
            ],
            [
              -122.0678656,
              36.9920191
            ],
            [
              -122.0678749,
              36.9920058
            ],
            [
              -122.0679274,
              36.9918974
            ],
            [
              -122.0678464,
              36.9918761
            ],
            [
              -122.0677616,
              36.9918525
            ],
            [
              -122.067603,
              36.991812
            ],
            [
              -122.0675214,
              36.9917918
            ],
            [
              -122.0674753,
              36.9917879
            ],
            [
              -122.0674491,
              36.9917876
            ],
            [
              -122.067408,
              36.9919298
            ],
            [
              -122.0675154,
              36.9919511
            ]
          ]
        ]
      },
      "properties": {
        "location": "135 FAMILY STUDENT HOUSING - 700 LOO",
        "match_type": "exact_lot_ref",
        "osm_id": 46271667,
        "osm_type": "way",
        "matched_name": "135"
      }
    },
    {
      "type": "Feature",
      "geometry": {
        "type": "Polygon",
        "coordinates": [
          [
            [
              -122.0676525,
              36.9928122
            ],
            [
              -122.0674723,
              36.9928295
            ],
            [
              -122.0674723,
              36.9926573
            ],
            [
              -122.0674723,
              36.9925742
            ],
            [
              -122.0673908,
              36.9924495
            ],
            [
              -122.0674308,
              36.9924376
            ],
            [
              -122.0674525,
              36.9924262
            ],
            [
              -122.0674997,
              36.9924262
            ],
            [
              -122.0675454,
              36.9924262
            ],
            [
              -122.0675639,
              36.9924309
            ],
            [
              -122.0675837,
              36.9924296
            ],
            [
              -122.0676006,
              36.9924259
            ],
            [
              -122.0676346,
              36.992492
            ],
            [
              -122.0676737,
              36.9925753
            ],
            [
              -122.067685,
              36.9926257
            ],
            [
              -122.067678,
              36.9927043
            ],
            [
              -122.0676747,
              36.9927199
            ],
            [
              -122.0676636,
              36.9927197
            ],
            [
              -122.0676516,
              36.9927255
            ],
            [
              -122.0676466,
              36.9927368
            ],
            [
              -122.0676525,
              36.9928122
            ]
          ]
        ]
      },
      "properties": {
        "location": "136 FAMILY STUDENT HOUSING - 800 LOO",
        "match_type": "exact_lot_ref",
        "osm_id": 46271694,
        "osm_type": "way",
        "matched_name": "136"
      }
    },
    {
      "type": "Feature",
      "geometry": {
        "type": "Polygon",
        "coordinates": [
          [
            [
              -122.0535983,
              36.9799299
            ],
            [
              -122.0536549,
              36.9797482
            ],
            [
              -122.0535951,
              36.9797365
            ],
            [
              -122.0535883,
              36.9797352
            ],
            [
              -122.0535765,
              36.9797329
            ],
            [
              -122.0535791,
              36.9797218
            ],
            [
              -122.0535048,
              36.9797052
            ],
            [
              -122.0535096,
              36.9796912
            ],
            [
              -122.0535158,
              36.9796719
            ],
            [
              -122.0534849,
              36.9796636
            ],
            [
              -122.0533729,
              36.9796364
            ],
            [
              -122.0533149,
              36.9796233
            ],
            [
              -122.0534023,
              36.9793657
            ],
            [
              -122.0535408,
              36.9793982
            ],
            [
              -122.0535739,
              36.979406
            ],
            [
              -122.0536392,
              36.9793226
            ],
            [
              -122.0536159,
              36.9792319
            ],
            [
              -122.0534884,
              36.9791903
            ],
            [
              -122.0534677,
              36.9792391
            ],
            [
              -122.0533226,
              36.9792236
            ],
            [
              -122.0533039,
              36.9792135
            ],
            [
              -122.0528676,
              36.9789225
            ],
            [
              -122.0528426,
              36.9789477
            ],
            [
              -122.0528189,
              36.9789713
            ],
            [
              -122.0528984,
              36.9790385
            ],
            [
              -122.0528619,
              36.9790755
            ],
            [
              -122.0528449,
              36.9790947
            ],
            [
              -122.0528075,
              36.9791363
            ],
            [
              -122.052788,
              36.9791251
            ],
            [
              -122.0527526,
              36.9791654
            ],
            [
              -122.052772,
              36.9791746
            ],
            [
              -122.0527539,
              36.9791914
            ],
            [
              -122.052732,
              36.9792084
            ],
            [
              -122.0526712,
              36.9792747
            ],
            [
              -122.0527387,
              36.9793158
            ],
            [
              -122.0530753,
              36.979521
            ],
            [
              -122.0531187,
              36.9794749
            ],
            [
              -122.0531313,
              36.9794744
            ],
            [
              -122.0531393,
              36.9794764
            ],
            [
              -122.0532078,
              36.9795194
            ],
            [
              -122.0530956,
              36.9796322
            ],
            [
              -122.0530307,
              36.9795894
            ],
            [
              -122.052965,
              36.9796574
            ],
            [
              -122.0531358,
              36.9797614
            ],
            [
              -122.0531648,
              36.9797354
            ],
            [
              -122.0532859,
              36.9798068
            ],
            [
              -122.0532454,
              36.9798482
            ],
            [
              -122.0533907,
              36.9799351
            ],
            [
              -122.0534622,
              36.9799284
            ],
            [
              -122.0535201,
              36.9799338
            ],
            [
              -122.0535324,
              36.9799263
            ],
            [
              -122.0535983,
              36.9799299
            ]
          ]
        ]
      },
      "properties": {
        "location": "137 TAPS SALES OFFICE",
        "match_type": "exact_lot_ref",
        "osm_id": 47847042,
        "osm_type": "way",
        "matched_name": "137"
      }
    },
    {
      "type": "Feature",
      "geometry": {
        "type": "Polygon",
        "coordinates": [
          [
            [
              -122.0639405,
              36.9995123
            ],
            [
              -122.0638451,
              36.9995441
            ],
            [
              -122.0637795,
              36.9995576
            ],
            [
              -122.06393,
              36.9999412
            ],
            [
              -122.0638899,
              37.0001182
            ],
            [
              -122.0637843,
              37.0001229
            ],
            [
              -122.0637911,
              37.0001845
            ],
            [
              -122.0638742,
              37.0002071
            ],
            [
              -122.0639658,
              37.0002141
            ],
            [
              -122.0640753,
              37.0002133
            ],
            [
              -122.0641317,
              36.9999331
            ],
            [
              -122.0639405,
              36.9995123
            ]
          ]
        ]
      },
      "properties": {
        "location": "138 BASKIN ENGINEERING",
        "match_type": "exact_lot_ref",
        "osm_id": 190300844,
        "osm_type": "way",
        "matched_name": "138"
      }
    },
    {
      "type": "Feature",
      "geometry": {
        "type": "Polygon",
        "coordinates": [
          [
            [
              -122.0621914,
              37.0013943
            ],
            [
              -122.062296,
              37.0013117
            ],
            [
              -122.0626851,
              37.0012985
            ],
            [
              -122.0628794,
              37.0012943
            ],
            [
              -122.0631635,
              37.0012848
            ],
            [
              -122.0631569,
              37.0013734
            ],
            [
              -122.0630184,
              37.0014391
            ],
            [
              -122.0629948,
              37.0014738
            ],
            [
              -122.0629601,
              37.0014753
            ],
            [
              -122.0629459,
              37.0014528
            ],
            [
              -122.0628574,
              37.0014234
            ],
            [
              -122.0629028,
              37.0013529
            ],
            [
              -122.0628997,
              37.0013468
            ],
            [
              -122.0628928,
              37.0013422
            ],
            [
              -122.0628474,
              37.0013408
            ],
            [
              -122.0628422,
              37.0013424
            ],
            [
              -122.0628399,
              37.001347
            ],
            [
              -122.0628395,
              37.0014215
            ],
            [
              -122.062821,
              37.0014217
            ],
            [
              -122.0628212,
              37.0014459
            ],
            [
              -122.0627583,
              37.0014466
            ],
            [
              -122.0627519,
              37.0014477
            ],
            [
              -122.0627497,
              37.0014524
            ],
            [
              -122.0627512,
              37.00146
            ],
            [
              -122.0627802,
              37.0014886
            ],
            [
              -122.0625477,
              37.0016769
            ],
            [
              -122.0625009,
              37.0017098
            ],
            [
              -122.0624002,
              37.0017418
            ],
            [
              -122.0622905,
              37.0017593
            ],
            [
              -122.0621297,
              37.0017551
            ],
            [
              -122.0619789,
              37.0016064
            ],
            [
              -122.0619395,
              37.0014147
            ],
            [
              -122.0618068,
              37.001267
            ],
            [
              -122.061753,
              37.0011245
            ],
            [
              -122.0618395,
              37.0011056
            ],
            [
              -122.0621914,
              37.0013943
            ]
          ]
        ]
      },
      "properties": {
        "location": "139A ENGINEERING II",
        "match_type": "exact_name",
        "osm_id": 189765352,
        "osm_type": "way",
        "matched_name": "139"
      }
    },
    {
      "type": "Feature",
      "geometry": {
        "type": "Polygon",
        "coordinates": [
          [
            [
              -122.061331,
              37.0010673
            ],
            [
              -122.0613172,
              37.0010238
            ],
            [
              -122.0612432,
              37.0010387
            ],
            [
              -122.0612338,
              37.0010093
            ],
            [
              -122.0612199,
              37.0010121
            ],
            [
              -122.0611328,
              37.0007377
            ],
            [
              -122.0611728,
              37.0007296
            ],
            [
              -122.0611647,
              37.0007039
            ],
            [
              -122.0615248,
              37.000631
            ],
            [
              -122.0615337,
              37.0006591
            ],
            [
              -122.0616477,
              37.000636
            ],
            [
              -122.0617115,
              37.0008373
            ],
            [
              -122.0617209,
              37.0008669
            ],
            [
              -122.0617363,
              37.0008638
            ],
            [
              -122.0617725,
              37.0009779
            ],
            [
              -122.061331,
              37.0010673
            ]
          ]
        ]
      },
      "properties": {
        "location": "139B COMMUNICATIONS",
        "match_type": "exact_name",
        "osm_id": 34580102,
        "osm_type": "way",
        "matched_name": "COMMUNICATIONS"
      }
    },
    {
      "type": "Feature",
      "geometry": {
        "type": "Polygon",
        "coordinates": [
          [
            [
              -122.0615293,
              36.9957476
            ],
            [
              -122.0615467,
              36.9957913
            ],
            [
              -122.0617164,
              36.9958023
            ],
            [
              -122.0618251,
              36.9956846
            ],
            [
              -122.0618685,
              36.9956191
            ],
            [
              -122.0622472,
              36.9955557
            ],
            [
              -122.0622624,
              36.995534
            ],
            [
              -122.0622695,
              36.9954539
            ],
            [
              -122.0622364,
              36.9953843
            ],
            [
              -122.0621738,
              36.9953983
            ],
            [
              -122.0618261,
              36.9954599
            ],
            [
              -122.0617714,
              36.9954878
            ],
            [
              -122.0617074,
              36.9955584
            ],
            [
              -122.0616472,
              36.9956901
            ],
            [
              -122.0615471,
              36.9956971
            ],
            [
              -122.061451,
              36.9956883
            ],
            [
              -122.0615293,
              36.9957476
            ]
          ]
        ]
      },
      "properties": {
        "location": "140 FOUNDRY",
        "match_type": "exact_lot_ref",
        "osm_id": 190670761,
        "osm_type": "way",
        "matched_name": "140"
      }
    },
    {
      "type": "Feature",
      "geometry": {
        "type": "Polygon",
        "coordinates": [
          [
            [
              -122.0620401,
              36.9964215
            ],
            [
              -122.0620791,
              36.996378
            ],
            [
              -122.0616631,
              36.9961766
            ],
            [
              -122.0616761,
              36.9961611
            ],
            [
              -122.061591,
              36.9961124
            ],
            [
              -122.0615575,
              36.9961514
            ],
            [
              -122.0616317,
              36.9962021
            ],
            [
              -122.0616215,
              36.996215
            ],
            [
              -122.0617238,
              36.9962697
            ],
            [
              -122.0620401,
              36.9964215
            ]
          ]
        ]
      },
      "properties": {
        "location": "141 KERR HALL",
        "match_type": "exact_lot_ref",
        "osm_id": 83135952,
        "osm_type": "way",
        "matched_name": "141"
      }
    },
    {
      "type": "Feature",
      "geometry": {
        "type": "Polygon",
        "coordinates": [
          [
            [
              -122.0310816,
              36.9826482
            ],
            [
              -122.0311554,
              36.9828395
            ],
            [
              -122.0312361,
              36.9828196
            ],
            [
              -122.031244,
              36.9828399
            ],
            [
              -122.0313286,
              36.9828191
            ],
            [
              -122.031321,
              36.9827994
            ],
            [
              -122.0313962,
              36.9827809
            ],
            [
              -122.0313221,
              36.9825891
            ],
            [
              -122.0312426,
              36.9826087
            ],
            [
              -122.0312347,
              36.9825883
            ],
            [
              -122.0311519,
              36.9826087
            ],
            [
              -122.0311598,
              36.982629
            ],
            [
              -122.0310816,
              36.9826482
            ]
          ]
        ]
      },
      "properties": {
        "location": "142 KRESGE COLLEGE",
        "match_type": "exact_name",
        "osm_id": 35335019,
        "osm_type": "way",
        "matched_name": "42"
      }
    },
    {
      "type": "Feature",
      "geometry": {
        "type": "Polygon",
        "coordinates": [
          [
            [
              -122.063292,
              36.9904387
            ],
            [
              -122.0634778,
              36.9904354
            ],
            [
              -122.0634751,
              36.9903697
            ],
            [
              -122.0632903,
              36.9903706
            ],
            [
              -122.063292,
              36.9904387
            ]
          ]
        ]
      },
      "properties": {
        "location": "144 OAKES COLLEGE",
        "match_type": "exact_lot_ref",
        "osm_id": 191005261,
        "osm_type": "way",
        "matched_name": "144"
      }
    },
    {
      "type": "Feature",
      "geometry": {
        "type": "Polygon",
        "coordinates": [
          [
            [
              -122.06716,
              36.9974635
            ],
            [
              -122.0674264,
              36.9972737
            ],
            [
              -122.0672978,
              36.9971629
            ],
            [
              -122.0670513,
              36.997345
            ],
            [
              -122.0671297,
              36.9974206
            ],
            [
              -122.06716,
              36.9974635
            ]
          ]
        ]
      },
      "properties": {
        "location": "145 KRESGE COLLEGE",
        "match_type": "exact_lot_ref",
        "osm_id": 189267856,
        "osm_type": "way",
        "matched_name": "145"
      }
    },
    {
      "type": "Feature",
      "geometry": {
        "type": "Polygon",
        "coordinates": [
          [
            [
              -122.0640517,
              36.9926988
            ],
            [
              -122.0641212,
              36.9925409
            ],
            [
              -122.0642953,
              36.9925921
            ],
            [
              -122.0644187,
              36.9922568
            ],
            [
              -122.0643832,
              36.9922482
            ],
            [
              -122.0644078,
              36.9921691
            ],
            [
              -122.064381,
              36.9921633
            ],
            [
              -122.0644247,
              36.9920437
            ],
            [
              -122.0645698,
              36.9920743
            ],
            [
              -122.0645749,
              36.9920544
            ],
            [
              -122.0648069,
              36.9921052
            ],
            [
              -122.0647843,
              36.9921557
            ],
            [
              -122.0647891,
              36.9921674
            ],
            [
              -122.0647964,
              36.9921778
            ],
            [
              -122.0648169,
              36.9921827
            ],
            [
              -122.0648393,
              36.992187
            ],
            [
              -122.0648501,
              36.9921862
            ],
            [
              -122.0648599,
              36.9921801
            ],
            [
              -122.0648727,
              36.9921378
            ],
            [
              -122.0649987,
              36.9921655
            ],
            [
              -122.0649743,
              36.9922709
            ],
            [
              -122.0649645,
              36.992278
            ],
            [
              -122.0649576,
              36.9922939
            ],
            [
              -122.0649489,
              36.9923228
            ],
            [
              -122.0648189,
              36.9922956
            ],
            [
              -122.0648297,
              36.9922567
            ],
            [
              -122.0648251,
              36.9922445
            ],
            [
              -122.064814,
              36.9922387
            ],
            [
              -122.0647836,
              36.9922344
            ],
            [
              -122.0647693,
              36.9922394
            ],
            [
              -122.0647462,
              36.992305
            ],
            [
              -122.0646562,
              36.9922887
            ],
            [
              -122.0645826,
              36.992264
            ],
            [
              -122.0643828,
              36.9927809
            ],
            [
              -122.0640517,
              36.9926988
            ]
          ]
        ]
      },
      "properties": {
        "location": "146 RACHEL CARSON COLLEGE",
        "match_type": "exact_lot_ref",
        "osm_id": 189772841,
        "osm_type": "way",
        "matched_name": "146"
      }
    },
    {
      "type": "Feature",
      "geometry": {
        "type": "Polygon",
        "coordinates": [
          [
            [
              -122.065281,
              36.9971337
            ],
            [
              -122.0650936,
              36.996928
            ],
            [
              -122.0650185,
              36.9967224
            ],
            [
              -122.0649756,
              36.9966324
            ],
            [
              -122.0651312,
              36.9966324
            ],
            [
              -122.065158,
              36.9967224
            ],
            [
              -122.065276,
              36.9968723
            ],
            [
              -122.0653296,
              36.9969152
            ],
            [
              -122.0654758,
              36.9970004
            ],
            [
              -122.065281,
              36.9971337
            ]
          ]
        ]
      },
      "properties": {
        "location": "147 KRESGE COLLEGE",
        "match_type": "exact_lot_ref",
        "osm_id": 189770095,
        "osm_type": "way",
        "matched_name": "147"
      }
    },
    {
      "type": "Feature",
      "geometry": {
        "type": "Polygon",
        "coordinates": [
          [
            [
              -122.0334139,
              36.9837984
            ],
            [
              -122.0332655,
              36.9843797
            ],
            [
              -122.0331379,
              36.984359
            ],
            [
              -122.0330843,
              36.9845788
            ],
            [
              -122.0332473,
              36.9847753
            ],
            [
              -122.034148,
              36.9849301
            ],
            [
              -122.034174,
              36.9848297
            ],
            [
              -122.0344254,
              36.9848709
            ],
            [
              -122.0344497,
              36.9847632
            ],
            [
              -122.0346824,
              36.9848051
            ],
            [
              -122.0348812,
              36.9840346
            ],
            [
              -122.0334139,
              36.9837984
            ]
          ]
        ]
      },
      "properties": {
        "location": "149 HELLER EXTENSION",
        "match_type": "exact_lot_ref",
        "osm_id": 34322109,
        "osm_type": "way",
        "matched_name": "COSTCO WHOLESALE SANTA CRUZ #149"
      }
    },
    {
      "type": "Feature",
      "geometry": {
        "type": "Polygon",
        "coordinates": [
          [
            [
              -122.0654235,
              37.0019725
            ],
            [
              -122.0653673,
              37.0020148
            ],
            [
              -122.0657324,
              37.0025161
            ],
            [
              -122.0658278,
              37.002872
            ],
            [
              -122.0657964,
              37.0032011
            ],
            [
              -122.0658435,
              37.0032455
            ],
            [
              -122.0658553,
              37.0033572
            ],
            [
              -122.0659572,
              37.0033482
            ],
            [
              -122.0660516,
              37.0033715
            ],
            [
              -122.0660774,
              37.0032252
            ],
            [
              -122.0660809,
              37.0031976
            ],
            [
              -122.0661209,
              37.0027953
            ],
            [
              -122.06604,
              37.0025823
            ],
            [
              -122.0659664,
              37.0023707
            ],
            [
              -122.0655502,
              37.0018533
            ],
            [
              -122.0654235,
              37.0019725
            ]
          ]
        ]
      },
      "properties": {
        "location": "150A NORTH PERIMETER",
        "match_type": "exact_name",
        "osm_id": 37092494,
        "osm_type": "way",
        "matched_name": "NORTH PERIMETER"
      }
    },
    {
      "type": "Feature",
      "geometry": {
        "type": "Polygon",
        "coordinates": [
          [
            [
              -122.0654235,
              37.0019725
            ],
            [
              -122.0653673,
              37.0020148
            ],
            [
              -122.0657324,
              37.0025161
            ],
            [
              -122.0658278,
              37.002872
            ],
            [
              -122.0657964,
              37.0032011
            ],
            [
              -122.0658435,
              37.0032455
            ],
            [
              -122.0658553,
              37.0033572
            ],
            [
              -122.0659572,
              37.0033482
            ],
            [
              -122.0660516,
              37.0033715
            ],
            [
              -122.0660774,
              37.0032252
            ],
            [
              -122.0660809,
              37.0031976
            ],
            [
              -122.0661209,
              37.0027953
            ],
            [
              -122.06604,
              37.0025823
            ],
            [
              -122.0659664,
              37.0023707
            ],
            [
              -122.0655502,
              37.0018533
            ],
            [
              -122.0654235,
              37.0019725
            ]
          ]
        ]
      },
      "properties": {
        "location": "150B NORTH PERIMETER",
        "match_type": "exact_name",
        "osm_id": 37092494,
        "osm_type": "way",
        "matched_name": "NORTH PERIMETER"
      }
    },
    {
      "type": "Feature",
      "geometry": {
        "type": "Polygon",
        "coordinates": [
          [
            [
              -122.0520789,
              36.9796927
            ],
            [
              -122.0520333,
              36.9796654
            ],
            [
              -122.0523324,
              36.9793505
            ],
            [
              -122.0523759,
              36.9793783
            ],
            [
              -122.0520789,
              36.9796927
            ]
          ]
        ]
      },
      "properties": {
        "location": "151 CARDIFF HOUSE",
        "match_type": "exact_lot_ref",
        "osm_id": 47847060,
        "osm_type": "way",
        "matched_name": "151"
      }
    },
    {
      "type": "Feature",
      "geometry": {
        "type": "Polygon",
        "coordinates": [
          [
            [
              -122.0539827,
              37.0020451
            ],
            [
              -122.0532258,
              37.0020529
            ],
            [
              -122.05323,
              37.0021268
            ],
            [
              -122.0532311,
              37.002194
            ],
            [
              -122.0539873,
              37.0021818
            ],
            [
              -122.0539849,
              37.0021118
            ],
            [
              -122.0539827,
              37.0020451
            ]
          ]
        ]
      },
      "properties": {
        "location": "152 CROWN - MERRILL APARTMENTS",
        "match_type": "exact_lot_ref",
        "osm_id": 185890509,
        "osm_type": "way",
        "matched_name": "152"
      }
    },
    {
      "type": "Feature",
      "geometry": {
        "type": "Polygon",
        "coordinates": [
          [
            [
              -122.0541217,
              37.0020334
            ],
            [
              -122.0541265,
              37.0021215
            ],
            [
              -122.0541262,
              37.0021754
            ],
            [
              -122.0544837,
              37.0021731
            ],
            [
              -122.0544917,
              37.0021308
            ],
            [
              -122.0544389,
              37.0021174
            ],
            [
              -122.0544382,
              37.002082
            ],
            [
              -122.0544389,
              37.0020355
            ],
            [
              -122.0541217,
              37.0020334
            ]
          ]
        ]
      },
      "properties": {
        "location": "153 CROWN - MERRILL APARTMENTS",
        "match_type": "exact_lot_ref",
        "osm_id": 185890511,
        "osm_type": "way",
        "matched_name": "153"
      }
    },
    {
      "type": "Feature",
      "geometry": {
        "type": "Polygon",
        "coordinates": [
          [
            [
              -122.0546567,
              37.0021924
            ],
            [
              -122.0546654,
              37.0021518
            ],
            [
              -122.054562,
              37.0021417
            ],
            [
              -122.0545693,
              37.0020957
            ],
            [
              -122.0545133,
              37.0020847
            ],
            [
              -122.0545226,
              37.0020285
            ],
            [
              -122.054976,
              37.0020784
            ],
            [
              -122.0551309,
              37.0021008
            ],
            [
              -122.0551203,
              37.0021626
            ],
            [
              -122.0550893,
              37.002194
            ],
            [
              -122.0550815,
              37.002232
            ],
            [
              -122.0550611,
              37.0022422
            ],
            [
              -122.0546567,
              37.0021924
            ]
          ]
        ]
      },
      "properties": {
        "location": "154 CROWN - MERRILL APARTMENTS",
        "match_type": "exact_lot_ref",
        "osm_id": 185890506,
        "osm_type": "way",
        "matched_name": "154"
      }
    },
    {
      "type": "Feature",
      "geometry": {
        "type": "Polygon",
        "coordinates": [
          [
            [
              -122.0545861,
              37.0022668
            ],
            [
              -122.0545912,
              37.0022469
            ],
            [
              -122.0545224,
              37.0022448
            ],
            [
              -122.0541771,
              37.0022481
            ],
            [
              -122.0534937,
              37.0022521
            ],
            [
              -122.0534893,
              37.002274
            ],
            [
              -122.0538359,
              37.002276
            ],
            [
              -122.0545861,
              37.0022668
            ]
          ]
        ]
      },
      "properties": {
        "location": "155 CROWN - MERRILL APARTMENTS",
        "match_type": "exact_lot_ref",
        "osm_id": 190098064,
        "osm_type": "way",
        "matched_name": "155"
      }
    },
    {
      "type": "Feature",
      "geometry": {
        "type": "Polygon",
        "coordinates": [
          [
            [
              -122.0556935,
              37.0022301
            ],
            [
              -122.0556818,
              37.0021623
            ],
            [
              -122.0556665,
              37.0020674
            ],
            [
              -122.0553408,
              37.0021043
            ],
            [
              -122.0553509,
              37.0021623
            ],
            [
              -122.055338,
              37.0021664
            ],
            [
              -122.0553178,
              37.0021679
            ],
            [
              -122.0552736,
              37.0022272
            ],
            [
              -122.0552793,
              37.0022705
            ],
            [
              -122.0556935,
              37.0022301
            ]
          ]
        ]
      },
      "properties": {
        "location": "156 FIRE HOUSE",
        "match_type": "exact_lot_ref",
        "osm_id": 129132314,
        "osm_type": "way",
        "matched_name": "156"
      }
    },
    {
      "type": "Feature",
      "geometry": {
        "type": "Polygon",
        "coordinates": [
          [
            [
              -122.0644912,
              37.000153
            ],
            [
              -122.0646204,
              37.0001413
            ],
            [
              -122.0647497,
              37.0001176
            ],
            [
              -122.0648455,
              37.0000826
            ],
            [
              -122.0648147,
              37.0000167
            ],
            [
              -122.0647673,
              36.9999338
            ],
            [
              -122.0647014,
              36.9999479
            ],
            [
              -122.0646691,
              36.9999557
            ],
            [
              -122.0645967,
              36.9999728
            ],
            [
              -122.0645705,
              36.9999813
            ],
            [
              -122.0645673,
              37.0000452
            ],
            [
              -122.0645552,
              37.0000497
            ],
            [
              -122.0644961,
              37.0000534
            ],
            [
              -122.0644847,
              37.0000478
            ],
            [
              -122.0644803,
              37.000038
            ],
            [
              -122.0644929,
              37.0000294
            ],
            [
              -122.0645453,
              37.0000406
            ],
            [
              -122.0645794,
              36.9999501
            ],
            [
              -122.0646003,
              36.9999079
            ],
            [
              -122.0646135,
              36.9998612
            ],
            [
              -122.0645388,
              36.9998414
            ],
            [
              -122.0644894,
              36.9998282
            ],
            [
              -122.0644237,
              36.9998133
            ],
            [
              -122.0643881,
              36.9999034
            ],
            [
              -122.0643495,
              36.999999
            ],
            [
              -122.0643751,
              37.0000199
            ],
            [
              -122.0643664,
              37.0000761
            ],
            [
              -122.064397,
              37.0000906
            ],
            [
              -122.0643936,
              37.0001504
            ],
            [
              -122.0644912,
              37.000153
            ]
          ]
        ]
      },
      "properties": {
        "location": "157 GRADUATE STUDENT APARTMENTS",
        "match_type": "exact_lot_ref",
        "osm_id": 191007840,
        "osm_type": "way",
        "matched_name": "157"
      }
    },
    {
      "type": "Feature",
      "geometry": {
        "type": "Polygon",
        "coordinates": [
          [
            [
              -122.0645454,
              36.9984246
            ],
            [
              -122.0646227,
              36.9983361
            ],
            [
              -122.0646269,
              36.9982939
            ],
            [
              -122.0646588,
              36.9982669
            ],
            [
              -122.0646602,
              36.9982587
            ],
            [
              -122.0645124,
              36.9981696
            ],
            [
              -122.0644084,
              36.9980968
            ],
            [
              -122.0642827,
              36.9982045
            ],
            [
              -122.0644168,
              36.9983045
            ],
            [
              -122.0644852,
              36.9983496
            ],
            [
              -122.0645031,
              36.9983322
            ],
            [
              -122.0645175,
              36.9983288
            ],
            [
              -122.0645285,
              36.998332
            ],
            [
              -122.0645294,
              36.998344
            ],
            [
              -122.0645181,
              36.9983588
            ],
            [
              -122.0645014,
              36.9983835
            ],
            [
              -122.0645124,
              36.9983988
            ],
            [
              -122.0645454,
              36.9984246
            ]
          ]
        ]
      },
      "properties": {
        "location": "158-159 REDWOOD GROVE APARTMENTS",
        "match_type": "exact_lot_ref",
        "osm_id": 191008010,
        "osm_type": "way",
        "matched_name": "158"
      }
    },
    {
      "type": "Feature",
      "geometry": {
        "type": "Polygon",
        "coordinates": [
          [
            [
              -122.0646696,
              36.9900999
            ],
            [
              -122.0649057,
              36.9900995
            ],
            [
              -122.0650788,
              36.9901216
            ],
            [
              -122.0650624,
              36.9901802
            ],
            [
              -122.0650544,
              36.99022
            ],
            [
              -122.0650462,
              36.990264
            ],
            [
              -122.064869,
              36.9902499
            ],
            [
              -122.0646905,
              36.9902583
            ],
            [
              -122.0646696,
              36.9900999
            ]
          ]
        ]
      },
      "properties": {
        "location": "160 OAKES COLLEGE",
        "match_type": "exact_lot_ref",
        "osm_id": 46208387,
        "osm_type": "way",
        "matched_name": "160"
      }
    },
    {
      "type": "Feature",
      "geometry": {
        "type": "Polygon",
        "coordinates": [
          [
            [
              -122.0648959,
              36.9900419
            ],
            [
              -122.0650991,
              36.9900634
            ],
            [
              -122.065112,
              36.9899962
            ],
            [
              -122.0651251,
              36.9899585
            ],
            [
              -122.0651368,
              36.9899132
            ],
            [
              -122.0650952,
              36.9899004
            ],
            [
              -122.0649163,
              36.9898803
            ],
            [
              -122.0648959,
              36.9900419
            ]
          ]
        ]
      },
      "properties": {
        "location": "161 OAKES COLLEGE",
        "match_type": "exact_lot_ref",
        "osm_id": 189773709,
        "osm_type": "way",
        "matched_name": "161"
      }
    },
    {
      "type": "Feature",
      "geometry": {
        "type": "Polygon",
        "coordinates": [
          [
            [
              -122.065771,
              36.9906508
            ],
            [
              -122.0656308,
              36.9905108
            ],
            [
              -122.0655199,
              36.990436
            ],
            [
              -122.0652235,
              36.9902985
            ],
            [
              -122.0652407,
              36.9902585
            ],
            [
              -122.0652599,
              36.9902187
            ],
            [
              -122.0652808,
              36.9901589
            ],
            [
              -122.0654443,
              36.9902216
            ],
            [
              -122.0655848,
              36.9902914
            ],
            [
              -122.0655626,
              36.9903173
            ],
            [
              -122.0655597,
              36.9903255
            ],
            [
              -122.065565,
              36.9903329
            ],
            [
              -122.0655725,
              36.9903313
            ],
            [
              -122.0656778,
              36.9902162
            ],
            [
              -122.0656779,
              36.9902111
            ],
            [
              -122.0656719,
              36.9902048
            ],
            [
              -122.0656629,
              36.9902076
            ],
            [
              -122.0656377,
              36.990235
            ],
            [
              -122.06549,
              36.990161
            ],
            [
              -122.0653022,
              36.9900941
            ],
            [
              -122.0653238,
              36.990043
            ],
            [
              -122.0653417,
              36.9900029
            ],
            [
              -122.0653626,
              36.9899497
            ],
            [
              -122.0655693,
              36.990025
            ],
            [
              -122.0656682,
              36.9900693
            ],
            [
              -122.0657558,
              36.9901155
            ],
            [
              -122.0657318,
              36.9901407
            ],
            [
              -122.0657271,
              36.9901468
            ],
            [
              -122.065732,
              36.9901535
            ],
            [
              -122.0657406,
              36.9901529
            ],
            [
              -122.0657702,
              36.990121
            ],
            [
              -122.0658446,
              36.990044
            ],
            [
              -122.0658447,
              36.9900355
            ],
            [
              -122.0658366,
              36.9900305
            ],
            [
              -122.065826,
              36.9900353
            ],
            [
              -122.0658041,
              36.9900596
            ],
            [
              -122.0656011,
              36.9899582
            ],
            [
              -122.065387,
              36.9898866
            ],
            [
              -122.0654251,
              36.9897957
            ],
            [
              -122.0654467,
              36.9897413
            ],
            [
              -122.0657603,
              36.9898499
            ],
            [
              -122.0659212,
              36.9899322
            ],
            [
              -122.0658905,
              36.9899642
            ],
            [
              -122.0658926,
              36.9899725
            ],
            [
              -122.065899,
              36.9899764
            ],
            [
              -122.0659071,
              36.9899753
            ],
            [
              -122.0659379,
              36.9899429
            ],
            [
              -122.0660015,
              36.9899832
            ],
            [
              -122.0659732,
              36.9900097
            ],
            [
              -122.0659713,
              36.9900153
            ],
            [
              -122.0659754,
              36.99002
            ],
            [
              -122.0659822,
              36.9900173
            ],
            [
              -122.0660108,
              36.9899908
            ],
            [
              -122.0661518,
              36.9900891
            ],
            [
              -122.0661693,
              36.9901033
            ],
            [
              -122.0661776,
              36.9901101
            ],
            [
              -122.0662634,
              36.9901799
            ],
            [
              -122.066182,
              36.9902314
            ],
            [
              -122.0661171,
              36.9902753
            ],
            [
              -122.0658945,
              36.9901153
            ],
            [
              -122.0659192,
              36.9900923
            ],
            [
              -122.0659183,
              36.9900836
            ],
            [
              -122.0659061,
              36.9900792
            ],
            [
              -122.0658013,
              36.990189
            ],
            [
              -122.0657998,
              36.9901945
            ],
            [
              -122.0658089,
              36.9902005
            ],
            [
              -122.0658166,
              36.990198
            ],
            [
              -122.0658477,
              36.9901691
            ],
            [
              -122.0660566,
              36.9903212
            ],
            [
              -122.066135,
              36.9904093
            ],
            [
              -122.0660438,
              36.9904639
            ],
            [
              -122.0659866,
              36.9904981
            ],
            [
              -122.0658829,
              36.990401
            ],
            [
              -122.0657256,
              36.9902918
            ],
            [
              -122.0657549,
              36.9902609
            ],
            [
              -122.0657526,
              36.9902551
            ],
            [
              -122.0657445,
              36.9902528
            ],
            [
              -122.0657102,
              36.9902825
            ],
            [
              -122.0656342,
              36.9903646
            ],
            [
              -122.0656314,
              36.9903721
            ],
            [
              -122.0656378,
              36.9903793
            ],
            [
              -122.0656461,
              36.9903776
            ],
            [
              -122.0656781,
              36.9903513
            ],
            [
              -122.0658025,
              36.9904245
            ],
            [
              -122.0659276,
              36.9905636
            ],
            [
              -122.06587,
              36.9905975
            ],
            [
              -122.065771,
              36.9906508
            ]
          ]
        ]
      },
      "properties": {
        "location": "162 OAKES COLLEGE",
        "match_type": "exact_lot_ref",
        "osm_id": 189773852,
        "osm_type": "way",
        "matched_name": "162"
      }
    },
    {
      "type": "Feature",
      "geometry": {
        "type": "Polygon",
        "coordinates": [
          [
            [
              -122.0548772,
              36.9961399
            ],
            [
              -122.0545749,
              36.9961202
            ],
            [
              -122.0545744,
              36.996068
            ],
            [
              -122.0548848,
              36.9960909
            ],
            [
              -122.0548772,
              36.9961399
            ]
          ]
        ]
      },
      "properties": {
        "location": "163 COWELL PROVOST",
        "match_type": "exact_lot_ref",
        "osm_id": 193221017,
        "osm_type": "way",
        "matched_name": "163"
      }
    },
    {
      "type": "Feature",
      "geometry": {
        "type": "Polygon",
        "coordinates": [
          [
            [
              -122.0593361,
              37.0011628
            ],
            [
              -122.0594412,
              37.0011732
            ],
            [
              -122.0594674,
              37.0011399
            ],
            [
              -122.0594813,
              37.0010993
            ],
            [
              -122.0593786,
              37.0009325
            ],
            [
              -122.0593236,
              37.0008607
            ],
            [
              -122.0593228,
              37.0008527
            ],
            [
              -122.0593294,
              37.0008462
            ],
            [
              -122.0593564,
              37.0008361
            ],
            [
              -122.0593226,
              37.0007611
            ],
            [
              -122.0592997,
              37.00064
            ],
            [
              -122.0592362,
              37.0006414
            ],
            [
              -122.0592303,
              37.000635
            ],
            [
              -122.0592239,
              37.0005975
            ],
            [
              -122.0592262,
              37.0005876
            ],
            [
              -122.0592385,
              37.0005804
            ],
            [
              -122.059296,
              37.0005755
            ],
            [
              -122.0592705,
              37.0003873
            ],
            [
              -122.0592134,
              37.00039
            ],
            [
              -122.0592072,
              37.0003865
            ],
            [
              -122.0591953,
              37.0003399
            ],
            [
              -122.0591156,
              37.0003481
            ],
            [
              -122.0591241,
              37.0003887
            ],
            [
              -122.0591348,
              37.0004397
            ],
            [
              -122.0591334,
              37.0004503
            ],
            [
              -122.0591247,
              37.0004551
            ],
            [
              -122.0590745,
              37.000458
            ],
            [
              -122.0590895,
              37.0005438
            ],
            [
              -122.0590987,
              37.0005953
            ],
            [
              -122.0591528,
              37.0005869
            ],
            [
              -122.0591645,
              37.0005872
            ],
            [
              -122.0591759,
              37.0005952
            ],
            [
              -122.0591809,
              37.0006459
            ],
            [
              -122.0591736,
              37.0006542
            ],
            [
              -122.0591294,
              37.0006612
            ],
            [
              -122.0591032,
              37.0006667
            ],
            [
              -122.0591153,
              37.0007233
            ],
            [
              -122.0591347,
              37.0007866
            ],
            [
              -122.0591622,
              37.0008427
            ],
            [
              -122.0591871,
              37.0008801
            ],
            [
              -122.0592111,
              37.000911
            ],
            [
              -122.0592733,
              37.0008823
            ],
            [
              -122.0592826,
              37.0008812
            ],
            [
              -122.0592904,
              37.0008855
            ],
            [
              -122.0592969,
              37.0008935
            ],
            [
              -122.0593037,
              37.0009051
            ],
            [
              -122.0593021,
              37.0009126
            ],
            [
              -122.0592979,
              37.0009173
            ],
            [
              -122.0592384,
              37.0009446
            ],
            [
              -122.0593218,
              37.0010752
            ],
            [
              -122.0593361,
              37.0011628
            ]
          ]
        ]
      },
      "properties": {
        "location": "164 JOHN R. LEWIS COLLEGE",
        "match_type": "exact_lot_ref",
        "osm_id": 191011367,
        "osm_type": "way",
        "matched_name": "164"
      }
    },
    {
      "type": "Feature",
      "geometry": {
        "type": "Polygon",
        "coordinates": [
          [
            [
              -122.0595111,
              37.0015286
            ],
            [
              -122.0595237,
              37.0016037
            ],
            [
              -122.0595089,
              37.0016768
            ],
            [
              -122.0594734,
              37.0017644
            ],
            [
              -122.0594151,
              37.0018554
            ],
            [
              -122.0592236,
              37.0018209
            ],
            [
              -122.059118,
              37.0019975
            ],
            [
              -122.0590097,
              37.0020668
            ],
            [
              -122.0589339,
              37.0022183
            ],
            [
              -122.059124,
              37.0021891
            ],
            [
              -122.0592516,
              37.002113
            ],
            [
              -122.0592253,
              37.0020702
            ],
            [
              -122.0594743,
              37.0019441
            ],
            [
              -122.0595276,
              37.0019486
            ],
            [
              -122.0596171,
              37.0020562
            ],
            [
              -122.0597365,
              37.0020196
            ],
            [
              -122.0596257,
              37.0018306
            ],
            [
              -122.0596955,
              37.0016568
            ],
            [
              -122.0596135,
              37.0016506
            ],
            [
              -122.0596091,
              37.0016146
            ],
            [
              -122.0596633,
              37.0016015
            ],
            [
              -122.0596035,
              37.001441
            ],
            [
              -122.0596403,
              37.0013827
            ],
            [
              -122.0594815,
              37.0013318
            ],
            [
              -122.0594571,
              37.0014298
            ],
            [
              -122.0595111,
              37.0015286
            ]
          ]
        ]
      },
      "properties": {
        "location": "165 JOHN R. LEWIS COLLEGE",
        "match_type": "exact_lot_ref",
        "osm_id": 191011372,
        "osm_type": "way",
        "matched_name": "165"
      }
    },
    {
      "type": "Feature",
      "geometry": {
        "type": "Polygon",
        "coordinates": [
          [
            [
              -122.0577462,
              37.0013541
            ],
            [
              -122.0578748,
              37.0014875
            ],
            [
              -122.05798,
              37.0016563
            ],
            [
              -122.0580551,
              37.0016345
            ],
            [
              -122.0581294,
              37.0015777
            ],
            [
              -122.0582061,
              37.0015178
            ],
            [
              -122.0579305,
              37.001424
            ],
            [
              -122.0578082,
              37.0013063
            ],
            [
              -122.0577462,
              37.0013541
            ]
          ]
        ]
      },
      "properties": {
        "location": "166 COLLEGE NINE",
        "match_type": "exact_lot_ref",
        "osm_id": 40876692,
        "osm_type": "way",
        "matched_name": "166"
      }
    },
    {
      "type": "Feature",
      "geometry": {
        "type": "Polygon",
        "coordinates": [
          [
            [
              -122.0590678,
              37.00337
            ],
            [
              -122.0590718,
              37.0033263
            ],
            [
              -122.0590292,
              37.0032461
            ],
            [
              -122.0588059,
              37.0032514
            ],
            [
              -122.0587034,
              37.0032655
            ],
            [
              -122.0587473,
              37.0033273
            ],
            [
              -122.0587469,
              37.0033858
            ],
            [
              -122.058855,
              37.0033786
            ],
            [
              -122.0590678,
              37.00337
            ]
          ]
        ]
      },
      "properties": {
        "location": "167 COLLEGE 9 APTS",
        "match_type": "exact_lot_ref",
        "osm_id": 189891084,
        "osm_type": "way",
        "matched_name": "167"
      }
    },
    {
      "type": "Feature",
      "geometry": {
        "type": "Polygon",
        "coordinates": [
          [
            [
              -122.055637,
              36.9855106
            ],
            [
              -122.0555422,
              36.9854176
            ],
            [
              -122.0553836,
              36.9853503
            ],
            [
              -122.0553536,
              36.9853453
            ],
            [
              -122.0553008,
              36.9853362
            ],
            [
              -122.0553047,
              36.9853056
            ],
            [
              -122.0553014,
              36.9852889
            ],
            [
              -122.0552879,
              36.9852792
            ],
            [
              -122.0552732,
              36.9852788
            ],
            [
              -122.0552669,
              36.9852106
            ],
            [
              -122.0552926,
              36.9851542
            ],
            [
              -122.0553018,
              36.9851544
            ],
            [
              -122.0553628,
              36.9851651
            ],
            [
              -122.0554425,
              36.9851817
            ],
            [
              -122.0554292,
              36.9852246
            ],
            [
              -122.0554371,
              36.9852368
            ],
            [
              -122.0554703,
              36.9852519
            ],
            [
              -122.0555117,
              36.9852671
            ],
            [
              -122.0555711,
              36.9852955
            ],
            [
              -122.0556776,
              36.9853674
            ],
            [
              -122.055744,
              36.9854101
            ],
            [
              -122.0556882,
              36.9854762
            ],
            [
              -122.055637,
              36.9855106
            ]
          ]
        ]
      },
      "properties": {
        "location": "168 AGROECOLOGY",
        "match_type": "exact_lot_ref",
        "osm_id": 189774372,
        "osm_type": "way",
        "matched_name": "168"
      }
    },
    {
      "type": "Feature",
      "geometry": {
        "type": "Polygon",
        "coordinates": [
          [
            [
              -122.0555051,
              36.986972
            ],
            [
              -122.0554975,
              36.9868627
            ],
            [
              -122.0554696,
              36.9866921
            ],
            [
              -122.0553975,
              36.9867012
            ],
            [
              -122.0553956,
              36.9867094
            ],
            [
              -122.0553902,
              36.9867156
            ],
            [
              -122.0553603,
              36.986719
            ],
            [
              -122.0553358,
              36.986721
            ],
            [
              -122.0553604,
              36.9869248
            ],
            [
              -122.0553996,
              36.986924
            ],
            [
              -122.0554196,
              36.9869345
            ],
            [
              -122.0554397,
              36.9869606
            ],
            [
              -122.0554407,
              36.9869875
            ],
            [
              -122.0555051,
              36.986972
            ]
          ]
        ]
      },
      "properties": {
        "location": "169 THE VILLAGE",
        "match_type": "exact_lot_ref",
        "osm_id": 189775646,
        "osm_type": "way",
        "matched_name": "169"
      }
    },
    {
      "type": "Feature",
      "geometry": {
        "type": "Polygon",
        "coordinates": [
          [
            [
              -122.0543633,
              36.9836403
            ],
            [
              -122.0543282,
              36.9836801
            ],
            [
              -122.0542476,
              36.9836425
            ],
            [
              -122.0541847,
              36.9836026
            ],
            [
              -122.0542428,
              36.9835621
            ],
            [
              -122.0543633,
              36.9836403
            ]
          ]
        ]
      },
      "properties": {
        "location": "170 HAY BARN",
        "match_type": "exact_lot_ref",
        "osm_id": 193224269,
        "osm_type": "way",
        "matched_name": "170"
      }
    },
    {
      "type": "Feature",
      "geometry": {
        "type": "Polygon",
        "coordinates": [
          [
            [
              -122.0615215,
              37.0016927
            ],
            [
              -122.0614982,
              37.0017603
            ],
            [
              -122.0616282,
              37.0017889
            ],
            [
              -122.0616515,
              37.0017213
            ],
            [
              -122.0615215,
              37.0016927
            ]
          ]
        ]
      },
      "properties": {
        "location": "171 ENVIRONMENTAL HEALTH & SAFETY",
        "match_type": "fallback_parent_polygon",
        "osm_id": 384888864,
        "osm_type": "way",
        "matched_name": "ENVIRONMENTAL HEALTH & SAFETY TRAILER"
      }
    },
    {
      "type": "Feature",
      "geometry": {
        "type": "Polygon",
        "coordinates": [
          [
            [
              -122.0590407,
              36.994242
            ],
            [
              -122.0589231,
              36.9942609
            ],
            [
              -122.0588941,
              36.9941456
            ],
            [
              -122.0588286,
              36.9941561
            ],
            [
              -122.0588086,
              36.9940766
            ],
            [
              -122.0588723,
              36.9940663
            ],
            [
              -122.0588638,
              36.9940327
            ],
            [
              -122.0589807,
              36.9940139
            ],
            [
              -122.0589875,
              36.9940411
            ],
            [
              -122.059021,
              36.9940357
            ],
            [
              -122.0590441,
              36.9941273
            ],
            [
              -122.059013,
              36.9941323
            ],
            [
              -122.0590407,
              36.994242
            ]
          ]
        ]
      },
      "properties": {
        "location": "301 WESTSIDE RESEARCH PARK",
        "match_type": "fallback_parent_polygon",
        "osm_id": 301864570,
        "osm_type": "way",
        "matched_name": "ACADEMIC RESOURCE CENTER PRESS BLDG"
      }
    },
    {
      "type": "Feature",
      "geometry": {
        "type": "Polygon",
        "coordinates": [
          [
            [
              -122.0590407,
              36.994242
            ],
            [
              -122.0589231,
              36.9942609
            ],
            [
              -122.0588941,
              36.9941456
            ],
            [
              -122.0588286,
              36.9941561
            ],
            [
              -122.0588086,
              36.9940766
            ],
            [
              -122.0588723,
              36.9940663
            ],
            [
              -122.0588638,
              36.9940327
            ],
            [
              -122.0589807,
              36.9940139
            ],
            [
              -122.0589875,
              36.9940411
            ],
            [
              -122.059021,
              36.9940357
            ],
            [
              -122.0590441,
              36.9941273
            ],
            [
              -122.059013,
              36.9941323
            ],
            [
              -122.0590407,
              36.994242
            ]
          ]
        ]
      },
      "properties": {
        "location": "302 WESTSIDE RESEARCH PARK",
        "match_type": "fallback_parent_polygon",
        "osm_id": 301864570,
        "osm_type": "way",
        "matched_name": "ACADEMIC RESOURCE CENTER PRESS BLDG"
      }
    },
    {
      "type": "Feature",
      "geometry": {
        "type": "Polygon",
        "coordinates": [
          [
            [
              -122.0590407,
              36.994242
            ],
            [
              -122.0589231,
              36.9942609
            ],
            [
              -122.0588941,
              36.9941456
            ],
            [
              -122.0588286,
              36.9941561
            ],
            [
              -122.0588086,
              36.9940766
            ],
            [
              -122.0588723,
              36.9940663
            ],
            [
              -122.0588638,
              36.9940327
            ],
            [
              -122.0589807,
              36.9940139
            ],
            [
              -122.0589875,
              36.9940411
            ],
            [
              -122.059021,
              36.9940357
            ],
            [
              -122.0590441,
              36.9941273
            ],
            [
              -122.059013,
              36.9941323
            ],
            [
              -122.0590407,
              36.994242
            ]
          ]
        ]
      },
      "properties": {
        "location": "ACADEMIC RESOURCE CENTER (ARC)",
        "match_type": "fallback_parent_polygon",
        "osm_id": 301864570,
        "osm_type": "way",
        "matched_name": "ACADEMIC RESOURCE CENTER PRESS BLDG"
      }
    },
    {
      "type": "Feature",
      "geometry": {
        "type": "Polygon",
        "coordinates": [
          [
            [
              -122.0524846,
              36.9806487
            ],
            [
              -122.0524348,
              36.9806202
            ],
            [
              -122.0523564,
              36.9805693
            ],
            [
              -122.0523103,
              36.9805391
            ],
            [
              -122.05237,
              36.980478
            ],
            [
              -122.0524464,
              36.9803991
            ],
            [
              -122.0525197,
              36.9803242
            ],
            [
              -122.0525831,
              36.9802614
            ],
            [
              -122.0526378,
              36.9802072
            ],
            [
              -122.0527034,
              36.9802478
            ],
            [
              -122.0527467,
              36.9802746
            ],
            [
              -122.0527798,
              36.9802951
            ],
            [
              -122.0528024,
              36.9803098
            ],
            [
              -122.0527676,
              36.9803441
            ],
            [
              -122.0528293,
              36.9803802
            ],
            [
              -122.0529108,
              36.9804274
            ],
            [
              -122.0529332,
              36.9804406
            ],
            [
              -122.0529686,
              36.9804611
            ],
            [
              -122.0529272,
              36.9805051
            ],
            [
              -122.0528846,
              36.9805482
            ],
            [
              -122.0528513,
              36.9805264
            ],
            [
              -122.052797,
              36.9804902
            ],
            [
              -122.0527369,
              36.9804556
            ],
            [
              -122.052696,
              36.9804301
            ],
            [
              -122.052633,
              36.9804951
            ],
            [
              -122.0525392,
              36.9805896
            ],
            [
              -122.0525046,
              36.9806275
            ],
            [
              -122.0524846,
              36.9806487
            ]
          ]
        ]
      },
      "properties": {
        "location": "BARN G",
        "match_type": "exact_name",
        "osm_id": 30594119,
        "osm_type": "way",
        "matched_name": "BARN G"
      }
    },
    {
      "type": "Feature",
      "geometry": {
        "type": "Polygon",
        "coordinates": [
          [
            [
              -122.0627021,
              37.0006315
            ],
            [
              -122.0626883,
              37.00054
            ],
            [
              -122.0626786,
              37.0004802
            ],
            [
              -122.0626746,
              37.0004502
            ],
            [
              -122.0626591,
              37.0003461
            ],
            [
              -122.0626442,
              37.000247
            ],
            [
              -122.0629599,
              37.0002166
            ],
            [
              -122.0629516,
              37.0001563
            ],
            [
              -122.0629396,
              37.0001574
            ],
            [
              -122.0629302,
              37.0000893
            ],
            [
              -122.0629936,
              37.0000837
            ],
            [
              -122.0630033,
              37.0001538
            ],
            [
              -122.0629923,
              37.0001547
            ],
            [
              -122.062994,
              37.0001669
            ],
            [
              -122.0630502,
              37.0001622
            ],
            [
              -122.0631204,
              37.000156
            ],
            [
              -122.0631266,
              37.0002008
            ],
            [
              -122.0633322,
              37.0001808
            ],
            [
              -122.0633366,
              37.0001804
            ],
            [
              -122.0636963,
              37.0001458
            ],
            [
              -122.063693,
              37.0001228
            ],
            [
              -122.063749,
              37.0001176
            ],
            [
              -122.063762,
              37.0002088
            ],
            [
              -122.063706,
              37.000214
            ],
            [
              -122.0637309,
              37.0003716
            ],
            [
              -122.0637543,
              37.0005303
            ],
            [
              -122.063442,
              37.0005603
            ],
            [
              -122.0634549,
              37.0006452
            ],
            [
              -122.063407,
              37.0006496
            ],
            [
              -122.0633929,
              37.000565
            ],
            [
              -122.0633889,
              37.0005653
            ],
            [
              -122.0630677,
              37.0005962
            ],
            [
              -122.0630633,
              37.0005966
            ],
            [
              -122.0630593,
              37.000597
            ],
            [
              -122.063034,
              37.0005993
            ],
            [
              -122.063009,
              37.0006015
            ],
            [
              -122.0630057,
              37.0006018
            ],
            [
              -122.0627021,
              37.0006315
            ]
          ]
        ]
      },
      "properties": {
        "location": "BASKIN",
        "match_type": "exact_name",
        "osm_id": 34441713,
        "osm_type": "way",
        "matched_name": "JACK BASKIN ENGINEERING"
      }
    },
    {
      "type": "Feature",
      "geometry": {
        "type": "Polygon",
        "coordinates": [
          [
            [
              -122.0575422,
              36.9997227
            ],
            [
              -122.0575521,
              36.999793
            ],
            [
              -122.0576912,
              36.9997815
            ],
            [
              -122.057685,
              36.9997343
            ],
            [
              -122.0578548,
              36.9997202
            ],
            [
              -122.057807,
              36.9993533
            ],
            [
              -122.0576487,
              36.9993665
            ],
            [
              -122.0576399,
              36.9992995
            ],
            [
              -122.0572997,
              36.9993278
            ],
            [
              -122.057319,
              36.9994759
            ],
            [
              -122.057589,
              36.9994534
            ],
            [
              -122.057616,
              36.9996604
            ],
            [
              -122.0575348,
              36.9996673
            ],
            [
              -122.0575422,
              36.9997227
            ]
          ]
        ]
      },
      "properties": {
        "location": "COWELL APARTMENTS",
        "match_type": "exact_name",
        "osm_id": 34565337,
        "osm_type": "way",
        "matched_name": "COWELL STUDENT HEALTH CENTER"
      }
    },
    {
      "type": "Feature",
      "geometry": {
        "type": "Polygon",
        "coordinates": [
          [
            [
              -122.052843,
              36.9967862
            ],
            [
              -122.0529018,
              36.996786
            ],
            [
              -122.0529024,
              36.9969022
            ],
            [
              -122.0529682,
              36.9969019
            ],
            [
              -122.0529685,
              36.9969513
            ],
            [
              -122.053054,
              36.996951
            ],
            [
              -122.0531599,
              36.9969506
            ],
            [
              -122.0531601,
              36.9969888
            ],
            [
              -122.0532235,
              36.9969883
            ],
            [
              -122.0532231,
              36.9969507
            ],
            [
              -122.0532228,
              36.9969232
            ],
            [
              -122.0532225,
              36.9968917
            ],
            [
              -122.0532223,
              36.996868
            ],
            [
              -122.0532217,
              36.9968108
            ],
            [
              -122.0532204,
              36.9966918
            ],
            [
              -122.0531788,
              36.9966921
            ],
            [
              -122.0529452,
              36.9966937
            ],
            [
              -122.0529196,
              36.9966938
            ],
            [
              -122.0528425,
              36.9966944
            ],
            [
              -122.052843,
              36.9967862
            ]
          ]
        ]
      },
      "properties": {
        "location": "COWELL DINING LOADING DOCK",
        "match_type": "exact_name",
        "osm_id": 68148717,
        "osm_type": "way",
        "matched_name": "STEVENSON/COWELL DINING HALL"
      }
    },
    {
      "type": "Feature",
      "geometry": {
        "type": "LineString",
        "coordinates": [
          [
            -122.0552576,
            36.9960754
          ],
          [
            -122.0551946,
            36.9960749
          ],
          [
            -122.0550222,
            36.9960671
          ],
          [
            -122.0549465,
            36.9960609
          ],
          [
            -122.0548775,
            36.9960545
          ],
          [
            -122.0548056,
            36.9960455
          ],
          [
            -122.0546943,
            36.9960288
          ],
          [
            -122.0546001,
            36.9960294
          ],
          [
            -122.0544336,
            36.9960459
          ],
          [
            -122.054375,
            36.9960815
          ],
          [
            -122.0543275,
            36.9961016
          ],
          [
            -122.0542992,
            36.9961099
          ],
          [
            -122.054233,
            36.9960926
          ],
          [
            -122.054211,
            36.9960868
          ],
          [
            -122.0541552,
            36.9960722
          ],
          [
            -122.0540794,
            36.9960647
          ],
          [
            -122.0540312,
            36.9960835
          ],
          [
            -122.0539678,
            36.9961198
          ],
          [
            -122.0538389,
            36.9962319
          ],
          [
            -122.0537647,
            36.9963172
          ],
          [
            -122.0537324,
            36.9963523
          ],
          [
            -122.0536736,
            36.9963835
          ],
          [
            -122.0536092,
            36.9964097
          ],
          [
            -122.0534372,
            36.996482
          ],
          [
            -122.0532894,
            36.9965208
          ],
          [
            -122.0532176,
            36.9965329
          ],
          [
            -122.0531513,
            36.9965368
          ],
          [
            -122.0530915,
            36.996539
          ],
          [
            -122.0530313,
            36.9965419
          ],
          [
            -122.0529679,
            36.9965606
          ],
          [
            -122.0528965,
            36.9965951
          ]
        ]
      },
      "properties": {
        "location": "COWELL SERVICE ROAD",
        "match_type": "exact_name",
        "osm_id": 68154701,
        "osm_type": "way",
        "matched_name": "COWELL SERVICE ROAD"
      }
    },
    {
      "type": "Feature",
      "geometry": {
        "type": "LineString",
        "coordinates": [
          [
            -122.0538773,
            36.9923672
          ],
          [
            -122.0539107,
            36.9924011
          ],
          [
            -122.0539381,
            36.992435
          ],
          [
            -122.0539908,
            36.9924833
          ],
          [
            -122.054142,
            36.9925924
          ],
          [
            -122.0541873,
            36.9926202
          ],
          [
            -122.0542599,
            36.9926587
          ],
          [
            -122.0543057,
            36.9926837
          ]
        ]
      },
      "properties": {
        "location": "EAST FIELD SERVICE ROAD",
        "match_type": "exact_name",
        "osm_id": 34317716,
        "osm_type": "way",
        "matched_name": "EAST FIELD SERVICE ROAD FOOTPATH"
      }
    },
    {
      "type": "Feature",
      "geometry": {
        "type": "LineString",
        "coordinates": [
          [
            -122.0690279,
            36.9885327
          ],
          [
            -122.0691299,
            36.9888015
          ],
          [
            -122.0692098,
            36.9891274
          ],
          [
            -122.0692852,
            36.9894935
          ],
          [
            -122.0693321,
            36.989822
          ],
          [
            -122.0693479,
            36.9901517
          ],
          [
            -122.069356,
            36.9907234
          ],
          [
            -122.0693616,
            36.9911248
          ],
          [
            -122.069364,
            36.9912676
          ],
          [
            -122.0693949,
            36.9914454
          ],
          [
            -122.0694495,
            36.9915653
          ],
          [
            -122.0698534,
            36.9921142
          ],
          [
            -122.0698924,
            36.9922049
          ],
          [
            -122.069913,
            36.9922934
          ],
          [
            -122.0699139,
            36.9923945
          ],
          [
            -122.0698922,
            36.9924928
          ],
          [
            -122.069867,
            36.9926119
          ],
          [
            -122.0698639,
            36.992678
          ],
          [
            -122.0698817,
            36.9927812
          ],
          [
            -122.069903,
            36.9928482
          ],
          [
            -122.0699591,
            36.9929552
          ],
          [
            -122.0700378,
            36.9930965
          ],
          [
            -122.07009,
            36.9932361
          ],
          [
            -122.0701057,
            36.9933735
          ],
          [
            -122.0700948,
            36.9934788
          ],
          [
            -122.0700694,
            36.9935701
          ],
          [
            -122.0700158,
            36.9936798
          ],
          [
            -122.069906,
            36.9938381
          ],
          [
            -122.0697208,
            36.9940547
          ],
          [
            -122.06949,
            36.9942952
          ],
          [
            -122.069384,
            36.9944267
          ],
          [
            -122.0693024,
            36.9945817
          ],
          [
            -122.069183,
            36.994872
          ],
          [
            -122.0689332,
            36.9957362
          ],
          [
            -122.0689215,
            36.9958349
          ],
          [
            -122.0689384,
            36.9959945
          ],
          [
            -122.068988,
            36.9962409
          ],
          [
            -122.0690286,
            36.9964553
          ],
          [
            -122.0691314,
            36.9969451
          ],
          [
            -122.069136,
            36.9970821
          ],
          [
            -122.0691327,
            36.9971833
          ],
          [
            -122.0691016,
            36.997302
          ],
          [
            -122.0690406,
            36.9974495
          ],
          [
            -122.0689309,
            36.9976536
          ],
          [
            -122.0688597,
            36.9977846
          ],
          [
            -122.0688044,
            36.9979628
          ],
          [
            -122.0687853,
            36.9981072
          ],
          [
            -122.068751,
            36.9986537
          ],
          [
            -122.0687373,
            36.9987482
          ],
          [
            -122.0687051,
            36.9988976
          ],
          [
            -122.0686972,
            36.9989527
          ],
          [
            -122.0687035,
            36.9990052
          ],
          [
            -122.0687306,
            36.9990788
          ],
          [
            -122.0687847,
            36.9991992
          ],
          [
            -122.068844,
            36.9992974
          ],
          [
            -122.0689394,
            36.9994412
          ],
          [
            -122.068993,
            36.9995696
          ],
          [
            -122.0690568,
            36.9998067
          ],
          [
            -122.0691064,
            36.9999755
          ],
          [
            -122.0691645,
            37.0000928
          ],
          [
            -122.0694083,
            37.0005129
          ],
          [
            -122.0696377,
            37.0009286
          ],
          [
            -122.06969,
            37.0010484
          ],
          [
            -122.0697436,
            37.001186
          ],
          [
            -122.0698051,
            37.0012955
          ],
          [
            -122.0698864,
            37.0013612
          ],
          [
            -122.0699689,
            37.0014057
          ],
          [
            -122.0700923,
            37.0014419
          ],
          [
            -122.070445,
            37.0015016
          ],
          [
            -122.0708072,
            37.0015143
          ],
          [
            -122.0715286,
            37.0015352
          ],
          [
            -122.0716249,
            37.0015407
          ],
          [
            -122.0717216,
            37.0015723
          ],
          [
            -122.0718263,
            37.0016241
          ],
          [
            -122.0719444,
            37.0017018
          ],
          [
            -122.0723777,
            37.0021489
          ],
          [
            -122.0725934,
            37.0023877
          ],
          [
            -122.0727915,
            37.0026423
          ],
          [
            -122.0729046,
            37.0028151
          ],
          [
            -122.0729915,
            37.0029731
          ],
          [
            -122.0730545,
            37.0031311
          ],
          [
            -122.0731002,
            37.0032457
          ],
          [
            -122.0733677,
            37.0041811
          ],
          [
            -122.0734401,
            37.0044354
          ],
          [
            -122.0735483,
            37.0047257
          ],
          [
            -122.0735904,
            37.0048424
          ],
          [
            -122.073708,
            37.0051661
          ],
          [
            -122.0738713,
            37.0056036
          ],
          [
            -122.0739372,
            37.0057367
          ],
          [
            -122.0739945,
            37.0058277
          ],
          [
            -122.0740885,
            37.0059284
          ],
          [
            -122.0740955,
            37.0059359
          ],
          [
            -122.0743006,
            37.0061105
          ],
          [
            -122.0743954,
            37.0062032
          ],
          [
            -122.0746963,
            37.0064811
          ],
          [
            -122.0749327,
            37.0067882
          ],
          [
            -122.0749559,
            37.0068335
          ],
          [
            -122.0750244,
            37.0069674
          ],
          [
            -122.0750837,
            37.0071552
          ],
          [
            -122.0751063,
            37.0072355
          ],
          [
            -122.0752608,
            37.0077804
          ],
          [
            -122.0752755,
            37.0078353
          ],
          [
            -122.0753704,
            37.0081716
          ],
          [
            -122.0754005,
            37.0082739
          ],
          [
            -122.0754394,
            37.008406
          ],
          [
            -122.0756176,
            37.0089807
          ],
          [
            -122.0756352,
            37.0090458
          ]
        ]
      },
      "properties": {
        "location": "EMPIRE GRADE",
        "match_type": "exact_name",
        "osm_id": 10551498,
        "osm_type": "way",
        "matched_name": "EMPIRE GRADE"
      }
    },
    {
      "type": "Feature",
      "geometry": {
        "type": "Polygon",
        "coordinates": [
          [
            [
              -122.0537046,
              36.9794693
            ],
            [
              -122.0536938,
              36.9795039
            ],
            [
              -122.0536866,
              36.9795023
            ],
            [
              -122.0536696,
              36.9794985
            ],
            [
              -122.0536601,
              36.9795294
            ],
            [
              -122.053629,
              36.9796161
            ],
            [
              -122.0536577,
              36.9796224
            ],
            [
              -122.0536319,
              36.9796974
            ],
            [
              -122.0535941,
              36.9796884
            ],
            [
              -122.0535158,
              36.9796719
            ],
            [
              -122.0534849,
              36.9796636
            ],
            [
              -122.0533729,
              36.9796364
            ],
            [
              -122.0533149,
              36.9796233
            ],
            [
              -122.0534023,
              36.9793657
            ],
            [
              -122.0535408,
              36.9793982
            ],
            [
              -122.0535739,
              36.979406
            ],
            [
              -122.0536422,
              36.979422
            ],
            [
              -122.0536958,
              36.9794346
            ],
            [
              -122.0536837,
              36.9794647
            ],
            [
              -122.0537046,
              36.9794693
            ]
          ]
        ]
      },
      "properties": {
        "location": "H BARN",
        "match_type": "exact_name",
        "osm_id": 30594060,
        "osm_type": "way",
        "matched_name": "H BARN"
      }
    },
    {
      "type": "Feature",
      "geometry": {
        "type": "LineString",
        "coordinates": [
          [
            -122.0585946,
            36.9998176
          ],
          [
            -122.0585904,
            36.9998829
          ],
          [
            -122.058596,
            36.999907
          ],
          [
            -122.0586064,
            36.9999524
          ],
          [
            -122.0586125,
            36.9999634
          ],
          [
            -122.0586494,
            37.0000307
          ],
          [
            -122.0586848,
            37.0000684
          ],
          [
            -122.0587644,
            37.0001164
          ],
          [
            -122.0588411,
            37.0001712
          ],
          [
            -122.0588997,
            37.000234
          ],
          [
            -122.0589289,
            37.0002692
          ],
          [
            -122.0589497,
            37.0003008
          ],
          [
            -122.0589658,
            37.0003442
          ],
          [
            -122.0589712,
            37.0003717
          ],
          [
            -122.0589779,
            37.0004082
          ],
          [
            -122.0589779,
            37.000439
          ],
          [
            -122.0589584,
            37.0005199
          ],
          [
            -122.0589221,
            37.0006277
          ],
          [
            -122.0589185,
            37.0006826
          ],
          [
            -122.0589204,
            37.0007873
          ],
          [
            -122.0589353,
            37.0008558
          ],
          [
            -122.0589525,
            37.0009156
          ],
          [
            -122.0590302,
            37.0010575
          ],
          [
            -122.0590892,
            37.0011515
          ]
        ]
      },
      "properties": {
        "location": "JOHN R. LEWIS COLLEGE",
        "match_type": "exact_name",
        "osm_id": 82958934,
        "osm_type": "way",
        "matched_name": "JOHN R. LEWIS COLLEGEROAD"
      }
    },
    {
      "type": "Feature",
      "geometry": {
        "type": "LineString",
        "coordinates": [
          [
            -122.0665924,
            36.9915
          ],
          [
            -122.0669465,
            36.9913618
          ],
          [
            -122.0670319,
            36.9913368
          ],
          [
            -122.06705,
            36.9913031
          ],
          [
            -122.0672124,
            36.9911956
          ],
          [
            -122.0673477,
            36.991106
          ],
          [
            -122.0674925,
            36.9910389
          ],
          [
            -122.0675931,
            36.990998
          ],
          [
            -122.0676845,
            36.9909811
          ],
          [
            -122.0678379,
            36.9909765
          ],
          [
            -122.0682992,
            36.9909814
          ],
          [
            -122.0683632,
            36.9909772
          ],
          [
            -122.0684497,
            36.990987
          ]
        ]
      },
      "properties": {
        "location": "KOSHLAND WAY",
        "match_type": "exact_name",
        "osm_id": 148491453,
        "osm_type": "way",
        "matched_name": "KOSHLAND WAY"
      }
    },
    {
      "type": "Feature",
      "geometry": {
        "type": "LineString",
        "coordinates": [
          [
            -122.0637217,
            36.9937819
          ],
          [
            -122.0637962,
            36.993806
          ],
          [
            -122.0641134,
            36.9939083
          ],
          [
            -122.064387,
            36.9939704
          ]
        ]
      },
      "properties": {
        "location": "KRESGE",
        "match_type": "exact_name",
        "osm_id": 37432769,
        "osm_type": "way",
        "matched_name": "PORTER-KRESGE ROAD"
      }
    },
    {
      "type": "Feature",
      "geometry": {
        "type": "LineString",
        "coordinates": [
          [
            -122.0637217,
            36.9937819
          ],
          [
            -122.0637962,
            36.993806
          ],
          [
            -122.0641134,
            36.9939083
          ],
          [
            -122.064387,
            36.9939704
          ]
        ]
      },
      "properties": {
        "location": "KRESGE APARTMENTS",
        "match_type": "exact_name",
        "osm_id": 37432769,
        "osm_type": "way",
        "matched_name": "PORTER-KRESGE ROAD"
      }
    },
    {
      "type": "Feature",
      "geometry": {
        "type": "LineString",
        "coordinates": [
          [
            -122.0637217,
            36.9937819
          ],
          [
            -122.0637962,
            36.993806
          ],
          [
            -122.0641134,
            36.9939083
          ],
          [
            -122.064387,
            36.9939704
          ]
        ]
      },
      "properties": {
        "location": "KRESGE ROAD",
        "match_type": "exact_name",
        "osm_id": 37432769,
        "osm_type": "way",
        "matched_name": "PORTER-KRESGE ROAD"
      }
    },
    {
      "type": "Feature",
      "geometry": {
        "type": "LineString",
        "coordinates": [
          [
            -122.047166,
            36.9897049
          ],
          [
            -122.0471364,
            36.9896834
          ],
          [
            -122.0469647,
            36.9896689
          ],
          [
            -122.0467952,
            36.989671
          ],
          [
            -122.0466258,
            36.9896901
          ],
          [
            -122.0464723,
            36.98971
          ],
          [
            -122.0463668,
            36.9897231
          ],
          [
            -122.0462843,
            36.9897014
          ],
          [
            -122.0461378,
            36.9896128
          ],
          [
            -122.0458344,
            36.9895549
          ],
          [
            -122.0455142,
            36.9895189
          ],
          [
            -122.045291,
            36.9894983
          ],
          [
            -122.0450647,
            36.9895034
          ],
          [
            -122.0448883,
            36.9894829
          ],
          [
            -122.0447503,
            36.9894846
          ],
          [
            -122.0446304,
            36.9894851
          ],
          [
            -122.0445088,
            36.9894542
          ],
          [
            -122.0443898,
            36.9894572
          ],
          [
            -122.0442697,
            36.9894778
          ],
          [
            -122.0441043,
            36.9894755
          ],
          [
            -122.0439768,
            36.9894321
          ],
          [
            -122.0438986,
            36.9893609
          ],
          [
            -122.043822,
            36.9892868
          ],
          [
            -122.0437355,
            36.9892627
          ],
          [
            -122.0435867,
            36.9892652
          ],
          [
            -122.0435273,
            36.9892569
          ],
          [
            -122.0434415,
            36.9891815
          ],
          [
            -122.0434071,
            36.9891129
          ],
          [
            -122.0433471,
            36.9890101
          ],
          [
            -122.0432355,
            36.9889278
          ],
          [
            -122.0431325,
            36.9888935
          ],
          [
            -122.0430295,
            36.9888524
          ],
          [
            -122.0429694,
            36.9887976
          ],
          [
            -122.0429436,
            36.9887086
          ],
          [
            -122.0429385,
            36.98867
          ],
          [
            -122.0429125,
            36.988595
          ],
          [
            -122.0428885,
            36.988538
          ],
          [
            -122.0428825,
            36.988523
          ],
          [
            -122.0428605,
            36.988501
          ],
          [
            -122.0428295,
            36.988476
          ],
          [
            -122.0428075,
            36.988446
          ],
          [
            -122.0427685,
            36.988404
          ],
          [
            -122.0427335,
            36.988357
          ],
          [
            -122.0426915,
            36.98832
          ],
          [
            -122.0426335,
            36.988268
          ],
          [
            -122.0425895,
            36.988224
          ],
          [
            -122.0425365,
            36.98819
          ],
          [
            -122.0424665,
            36.988152
          ],
          [
            -122.0424625,
            36.988146
          ],
          [
            -122.0424635,
            36.988134
          ],
          [
            -122.0424385,
            36.988111
          ],
          [
            -122.0424045,
            36.98807
          ],
          [
            -122.0423805,
            36.98802
          ],
          [
            -122.0423595,
            36.987977
          ],
          [
            -122.0423235,
            36.987928
          ],
          [
            -122.0422955,
            36.987884
          ],
          [
            -122.0422635,
            36.987846
          ],
          [
            -122.0422285,
            36.987815
          ],
          [
            -122.0421885,
            36.987772
          ],
          [
            -122.0421515,
            36.987736
          ],
          [
            -122.0421245,
            36.987696
          ],
          [
            -122.0420755,
            36.987685
          ],
          [
            -122.0420255,
            36.987695
          ],
          [
            -122.0420015,
            36.987719
          ],
          [
            -122.0419845,
            36.987774
          ],
          [
            -122.0419715,
            36.987839
          ],
          [
            -122.0419605,
            36.987911
          ],
          [
            -122.0419485,
            36.98798
          ],
          [
            -122.0419405,
            36.988037
          ],
          [
            -122.0419295,
            36.988088
          ],
          [
            -122.0419075,
            36.988158
          ],
          [
            -122.0418915,
            36.98824
          ],
          [
            -122.0418745,
            36.988291
          ],
          [
            -122.0418298,
            36.9883589
          ],
          [
            -122.041828,
            36.9884085
          ],
          [
            -122.0418326,
            36.988446
          ],
          [
            -122.0418395,
            36.988495
          ],
          [
            -122.0418375,
            36.988536
          ],
          [
            -122.0418205,
            36.988588
          ],
          [
            -122.0417985,
            36.988644
          ],
          [
            -122.0417885,
            36.988696
          ],
          [
            -122.0417705,
            36.988729
          ],
          [
            -122.0417255,
            36.988737
          ],
          [
            -122.0416755,
            36.988713
          ],
          [
            -122.0416415,
            36.988707
          ],
          [
            -122.0415995,
            36.988684
          ],
          [
            -122.0415465,
            36.988652
          ],
          [
            -122.0415035,
            36.988603
          ],
          [
            -122.0414817,
            36.9885697
          ]
        ]
      },
      "properties": {
        "location": "LOOKOUT TRAIL",
        "match_type": "exact_name",
        "osm_id": 37887424,
        "osm_type": "way",
        "matched_name": "LOOKOUT TRAIL"
      }
    },
    {
      "type": "Feature",
      "geometry": {
        "type": "LineString",
        "coordinates": [
          [
            -122.0632636,
            36.990314
          ],
          [
            -122.0632535,
            36.9903599
          ],
          [
            -122.0632176,
            36.9904372
          ],
          [
            -122.0632263,
            36.9904877
          ],
          [
            -122.0632831,
            36.9905536
          ],
          [
            -122.0633562,
            36.9905813
          ]
        ]
      },
      "properties": {
        "location": "OAKES COLLEGE",
        "match_type": "exact_name",
        "osm_id": 190712886,
        "osm_type": "way",
        "matched_name": "OAKES COLLEGE ROAD"
      }
    },
    {
      "type": "Feature",
      "geometry": {
        "type": "LineString",
        "coordinates": [
          [
            -122.0664999,
            36.9902057
          ],
          [
            -122.0664248,
            36.9901499
          ],
          [
            -122.0663612,
            36.9901009
          ],
          [
            -122.0660661,
            36.9898784
          ],
          [
            -122.0659833,
            36.9898183
          ],
          [
            -122.0658507,
            36.9897272
          ],
          [
            -122.065791,
            36.9896987
          ],
          [
            -122.0657313,
            36.9896764
          ],
          [
            -122.0656099,
            36.9896442
          ],
          [
            -122.0655457,
            36.9896365
          ],
          [
            -122.0654815,
            36.989635
          ],
          [
            -122.0654163,
            36.989633
          ],
          [
            -122.0653496,
            36.9896371
          ],
          [
            -122.0652688,
            36.9896515
          ],
          [
            -122.065181,
            36.9896752
          ],
          [
            -122.065089,
            36.989711
          ],
          [
            -122.0650008,
            36.9897487
          ],
          [
            -122.0649042,
            36.9898238
          ],
          [
            -122.0647796,
            36.9899226
          ],
          [
            -122.0647029,
            36.9899853
          ],
          [
            -122.0645353,
            36.9901412
          ],
          [
            -122.0642362,
            36.9904046
          ],
          [
            -122.0641296,
            36.9904695
          ],
          [
            -122.0639756,
            36.9905628
          ]
        ]
      },
      "properties": {
        "location": "OAKES ROAD",
        "match_type": "exact_name",
        "osm_id": 10548693,
        "osm_type": "way",
        "matched_name": "OAKES ROAD"
      }
    },
    {
      "type": "Feature",
      "geometry": {
        "type": "Polygon",
        "coordinates": [
          [
            [
              -122.0619239,
              36.9998762
            ],
            [
              -122.0619254,
              36.9999488
            ],
            [
              -122.0617853,
              36.9999506
            ],
            [
              -122.0617855,
              36.9999753
            ],
            [
              -122.0617554,
              36.9999754
            ],
            [
              -122.061748,
              36.9999755
            ],
            [
              -122.0617473,
              36.9998916
            ],
            [
              -122.0616089,
              36.9998934
            ],
            [
              -122.0616065,
              36.9997726
            ],
            [
              -122.0615868,
              36.9997728
            ],
            [
              -122.061586,
              36.9997318
            ],
            [
              -122.0616046,
              36.9997316
            ],
            [
              -122.0616027,
              36.9996343
            ],
            [
              -122.0616506,
              36.9996337
            ],
            [
              -122.0616502,
              36.9995993
            ],
            [
              -122.0616494,
              36.9995516
            ],
            [
              -122.0616489,
              36.9995163
            ],
            [
              -122.0616429,
              36.9995167
            ],
            [
              -122.0615524,
              36.9995181
            ],
            [
              -122.0615458,
              36.9992458
            ],
            [
              -122.0616519,
              36.9992442
            ],
            [
              -122.0616831,
              36.9992437
            ],
            [
              -122.061735,
              36.9992429
            ],
            [
              -122.0617362,
              36.9992943
            ],
            [
              -122.0617387,
              36.9993951
            ],
            [
              -122.0617396,
              36.9994325
            ],
            [
              -122.0617502,
              36.9994324
            ],
            [
              -122.061811,
              36.9994314
            ],
            [
              -122.0620498,
              36.9994277
            ],
            [
              -122.0620503,
              36.9994483
            ],
            [
              -122.06211,
              36.9994475
            ],
            [
              -122.0623874,
              36.9994441
            ],
            [
              -122.0623877,
              36.9994597
            ],
            [
              -122.0624217,
              36.9994592
            ],
            [
              -122.0624241,
              36.9995587
            ],
            [
              -122.0625141,
              36.9995582
            ],
            [
              -122.0625144,
              36.9995907
            ],
            [
              -122.0624303,
              36.9995911
            ],
            [
              -122.0624288,
              36.9996032
            ],
            [
              -122.0624327,
              36.9997018
            ],
            [
              -122.0623396,
              36.999703
            ],
            [
              -122.0623398,
              36.9997178
            ],
            [
              -122.0622956,
              36.9997184
            ],
            [
              -122.0622953,
              36.9997022
            ],
            [
              -122.0621296,
              36.9997043
            ],
            [
              -122.0621299,
              36.9997205
            ],
            [
              -122.062085,
              36.9997211
            ],
            [
              -122.0620847,
              36.9997047
            ],
            [
              -122.0619195,
              36.9997068
            ],
            [
              -122.0619222,
              36.9998412
            ],
            [
              -122.0619441,
              36.999841
            ],
            [
              -122.0619448,
              36.9998759
            ],
            [
              -122.0619239,
              36.9998762
            ]
          ]
        ]
      },
      "properties": {
        "location": "PHYSICAL SCIENCES BUILDING",
        "match_type": "exact_name",
        "osm_id": 34447569,
        "osm_type": "way",
        "matched_name": "PHYSICAL SCIENCES BUILDING"
      }
    },
    {
      "type": "Feature",
      "geometry": {
        "type": "LineString",
        "coordinates": [
          [
            -122.0637217,
            36.9937819
          ],
          [
            -122.0637962,
            36.993806
          ],
          [
            -122.0641134,
            36.9939083
          ],
          [
            -122.064387,
            36.9939704
          ]
        ]
      },
      "properties": {
        "location": "PORTER APARTMENTS",
        "match_type": "exact_name",
        "osm_id": 37432769,
        "osm_type": "way",
        "matched_name": "PORTER-KRESGE ROAD"
      }
    },
    {
      "type": "Feature",
      "geometry": {
        "type": "LineString",
        "coordinates": [
          [
            -122.0637217,
            36.9937819
          ],
          [
            -122.0637962,
            36.993806
          ],
          [
            -122.0641134,
            36.9939083
          ],
          [
            -122.064387,
            36.9939704
          ]
        ]
      },
      "properties": {
        "location": "PORTER DORMS",
        "match_type": "exact_name",
        "osm_id": 37432769,
        "osm_type": "way",
        "matched_name": "PORTER-KRESGE ROAD"
      }
    },
    {
      "type": "Feature",
      "geometry": {
        "type": "LineString",
        "coordinates": [
          [
            -122.0654853,
            36.9956296
          ],
          [
            -122.0655406,
            36.9956247
          ],
          [
            -122.0657243,
            36.9956214
          ],
          [
            -122.0657888,
            36.9955968
          ],
          [
            -122.065843,
            36.9955609
          ],
          [
            -122.0659121,
            36.9955028
          ],
          [
            -122.0660016,
            36.9954114
          ],
          [
            -122.0660728,
            36.9953187
          ],
          [
            -122.066107,
            36.9952657
          ],
          [
            -122.0661317,
            36.9952068
          ],
          [
            -122.0661548,
            36.9951535
          ],
          [
            -122.066174,
            36.9950868
          ],
          [
            -122.0661915,
            36.9949865
          ],
          [
            -122.0662027,
            36.9949098
          ],
          [
            -122.0661877,
            36.99484
          ],
          [
            -122.066168,
            36.9947504
          ],
          [
            -122.0661412,
            36.9946628
          ],
          [
            -122.0660988,
            36.9945553
          ]
        ]
      },
      "properties": {
        "location": "PORTER SERVICE ROAD",
        "match_type": "exact_name",
        "osm_id": 48623838,
        "osm_type": "way",
        "matched_name": "PORTER SERVICE ROAD"
      }
    },
    {
      "type": "Feature",
      "geometry": {
        "type": "Polygon",
        "coordinates": [
          [
            [
              -122.0655558,
              36.991678
            ],
            [
              -122.0655168,
              36.9916137
            ],
            [
              -122.0655721,
              36.9915924
            ],
            [
              -122.0655313,
              36.991525
            ],
            [
              -122.0654696,
              36.9915488
            ],
            [
              -122.0654333,
              36.9914888
            ],
            [
              -122.0654113,
              36.9914973
            ],
            [
              -122.0652967,
              36.9915416
            ],
            [
              -122.0651942,
              36.9915813
            ],
            [
              -122.0652423,
              36.9916608
            ],
            [
              -122.0652721,
              36.9917099
            ],
            [
              -122.0653103,
              36.9917729
            ],
            [
              -122.0655558,
              36.991678
            ]
          ]
        ]
      },
      "properties": {
        "location": "RACHEL CARSON APARTMENTS",
        "match_type": "exact_name",
        "osm_id": 44879746,
        "osm_type": "way",
        "matched_name": "RACHEL CARSON/OAKES DINING HALL"
      }
    },
    {
      "type": "Feature",
      "geometry": {
        "type": "LineString",
        "coordinates": [
          [
            -122.0653154,
            36.9913977
          ],
          [
            -122.0655815,
            36.9912942
          ],
          [
            -122.0656351,
            36.9912604
          ],
          [
            -122.065668,
            36.9912234
          ],
          [
            -122.0656872,
            36.9911952
          ],
          [
            -122.0657059,
            36.9911508
          ],
          [
            -122.0657151,
            36.9910754
          ],
          [
            -122.0656963,
            36.9910341
          ],
          [
            -122.0656547,
            36.9909773
          ],
          [
            -122.0656073,
            36.99095
          ],
          [
            -122.0655866,
            36.9909401
          ],
          [
            -122.0649607,
            36.990797
          ],
          [
            -122.0644032,
            36.990674
          ],
          [
            -122.0641428,
            36.9906165
          ],
          [
            -122.0639756,
            36.9905628
          ]
        ]
      },
      "properties": {
        "location": "RACHEL CARSON COLLEGE",
        "match_type": "exact_name",
        "osm_id": 46208365,
        "osm_type": "way",
        "matched_name": "RACHEL CARSON COLLEGE SERVICE ROAD"
      }
    },
    {
      "type": "Feature",
      "geometry": {
        "type": "Polygon",
        "coordinates": [
          [
            [
              -122.0655558,
              36.991678
            ],
            [
              -122.0655168,
              36.9916137
            ],
            [
              -122.0655721,
              36.9915924
            ],
            [
              -122.0655313,
              36.991525
            ],
            [
              -122.0654696,
              36.9915488
            ],
            [
              -122.0654333,
              36.9914888
            ],
            [
              -122.0654113,
              36.9914973
            ],
            [
              -122.0652967,
              36.9915416
            ],
            [
              -122.0651942,
              36.9915813
            ],
            [
              -122.0652423,
              36.9916608
            ],
            [
              -122.0652721,
              36.9917099
            ],
            [
              -122.0653103,
              36.9917729
            ],
            [
              -122.0655558,
              36.991678
            ]
          ]
        ]
      },
      "properties": {
        "location": "RACHEL CARSON DORMS",
        "match_type": "exact_name",
        "osm_id": 44879746,
        "osm_type": "way",
        "matched_name": "RACHEL CARSON/OAKES DINING HALL"
      }
    },
    {
      "type": "Feature",
      "geometry": {
        "type": "Polygon",
        "coordinates": [
          [
            [
              -122.0583076,
              37.0024769
            ],
            [
              -122.0582906,
              37.0024799
            ],
            [
              -122.0582986,
              37.0025063
            ],
            [
              -122.0582556,
              37.0025139
            ],
            [
              -122.0582056,
              37.0025229
            ],
            [
              -122.0581976,
              37.0024954
            ],
            [
              -122.0581436,
              37.0025051
            ],
            [
              -122.0580116,
              37.00253
            ],
            [
              -122.0579276,
              37.0022544
            ],
            [
              -122.0580076,
              37.002241
            ],
            [
              -122.0580026,
              37.0022238
            ],
            [
              -122.0579586,
              37.0022318
            ],
            [
              -122.0579496,
              37.0022021
            ],
            [
              -122.0579936,
              37.0021943
            ],
            [
              -122.0579866,
              37.00217
            ],
            [
              -122.0579246,
              37.0021821
            ],
            [
              -122.0578666,
              37.0019392
            ],
            [
              -122.0579156,
              37.0019312
            ],
            [
              -122.0579046,
              37.0018817
            ],
            [
              -122.0579406,
              37.0018752
            ],
            [
              -122.0579556,
              37.0019265
            ],
            [
              -122.0579866,
              37.0019209
            ],
            [
              -122.0579906,
              37.0019337
            ],
            [
              -122.0580086,
              37.0019305
            ],
            [
              -122.0580246,
              37.0019858
            ],
            [
              -122.0580526,
              37.0019807
            ],
            [
              -122.0580846,
              37.0020957
            ],
            [
              -122.0580566,
              37.0021009
            ],
            [
              -122.0580716,
              37.0021535
            ],
            [
              -122.0580715,
              37.0021254
            ],
            [
              -122.0581646,
              37.0021367
            ],
            [
              -122.0581846,
              37.0022076
            ],
            [
              -122.0582296,
              37.0021995
            ],
            [
              -122.0583076,
              37.0024769
            ]
          ]
        ]
      },
      "properties": {
        "location": "SOCIAL SCIENCES 1",
        "match_type": "exact_name",
        "osm_id": 188194067,
        "osm_type": "way",
        "matched_name": "SOCIAL SCIENCES 1"
      }
    },
    {
      "type": "Feature",
      "geometry": {
        "type": "LineString",
        "coordinates": [
          [
            -122.0571321,
            36.9970626
          ],
          [
            -122.0572031,
            36.997035
          ],
          [
            -122.0573055,
            36.9970116
          ],
          [
            -122.0573984,
            36.9970141
          ],
          [
            -122.0575187,
            36.9970362
          ],
          [
            -122.0576461,
            36.9970494
          ],
          [
            -122.057793,
            36.9970576
          ],
          [
            -122.0578761,
            36.997056
          ],
          [
            -122.0579352,
            36.9970432
          ]
        ]
      },
      "properties": {
        "location": "STEINHART WAY",
        "match_type": "exact_name",
        "osm_id": 34318451,
        "osm_type": "way",
        "matched_name": "STEINHART WAY"
      }
    },
    {
      "type": "Feature",
      "geometry": {
        "type": "LineString",
        "coordinates": [
          [
            -122.0532574,
            36.9977633
          ],
          [
            -122.0531247,
            36.9977305
          ],
          [
            -122.0530605,
            36.9977047
          ],
          [
            -122.052995,
            36.9976783
          ],
          [
            -122.0528731,
            36.9976583
          ],
          [
            -122.0527182,
            36.9976593
          ],
          [
            -122.0525904,
            36.9976697
          ],
          [
            -122.052403,
            36.9976957
          ],
          [
            -122.0523325,
            36.9977048
          ],
          [
            -122.0522033,
            36.9977453
          ]
        ]
      },
      "properties": {
        "location": "STEVENSON APARTMENTS",
        "match_type": "exact_name",
        "osm_id": 40661679,
        "osm_type": "way",
        "matched_name": "COWELL-STEVENSON ROAD"
      }
    },
    {
      "type": "Feature",
      "geometry": {
        "type": "LineString",
        "coordinates": [
          [
            -122.0522033,
            36.9977453
          ],
          [
            -122.0521804,
            36.9976676
          ],
          [
            -122.052153,
            36.9976371
          ],
          [
            -122.0521044,
            36.9976174
          ],
          [
            -122.052047,
            36.997614
          ],
          [
            -122.0519856,
            36.9976304
          ],
          [
            -122.0519609,
            36.997654
          ],
          [
            -122.0519464,
            36.997689
          ]
        ]
      },
      "properties": {
        "location": "STEVENSON CIRCLE",
        "match_type": "exact_name",
        "osm_id": 193613633,
        "osm_type": "way",
        "matched_name": "STEVENSON CIRCLE"
      }
    },
    {
      "type": "Feature",
      "geometry": {
        "type": "LineString",
        "coordinates": [
          [
            -122.0520013,
            36.9979732
          ],
          [
            -122.0518971,
            36.9979759
          ],
          [
            -122.0517957,
            36.9979877
          ],
          [
            -122.0516948,
            36.9980019
          ],
          [
            -122.0515613,
            36.9980292
          ],
          [
            -122.0514412,
            36.998028
          ],
          [
            -122.0512941,
            36.9980202
          ],
          [
            -122.0511674,
            36.9979935
          ],
          [
            -122.0510427,
            36.9979494
          ],
          [
            -122.0510189,
            36.9979387
          ],
          [
            -122.0509876,
            36.9979247
          ],
          [
            -122.0509444,
            36.9978961
          ],
          [
            -122.0508789,
            36.9978438
          ],
          [
            -122.0508312,
            36.9977905
          ],
          [
            -122.0507753,
            36.9977034
          ],
          [
            -122.0507707,
            36.9976849
          ],
          [
            -122.0507523,
            36.9976411
          ],
          [
            -122.050742,
            36.9975928
          ],
          [
            -122.0507358,
            36.9975339
          ],
          [
            -122.0507397,
            36.997466
          ],
          [
            -122.0507599,
            36.9973961
          ],
          [
            -122.0508055,
            36.9972757
          ],
          [
            -122.0509228,
            36.9971397
          ],
          [
            -122.0509573,
            36.9970935
          ],
          [
            -122.0510361,
            36.9970309
          ],
          [
            -122.0512075,
            36.9969218
          ],
          [
            -122.0513814,
            36.9968367
          ],
          [
            -122.0514922,
            36.9968036
          ],
          [
            -122.0516054,
            36.9967921
          ],
          [
            -122.0516758,
            36.996781
          ]
        ]
      },
      "properties": {
        "location": "STEVENSON SERVICE ROAD",
        "match_type": "exact_name",
        "osm_id": 40815639,
        "osm_type": "way",
        "matched_name": "STEVENSON SERVICE ROAD"
      }
    },
    {
      "type": "Feature",
      "geometry": {
        "type": "Polygon",
        "coordinates": [
          [
            [
              -122.0558612,
              36.997814
            ],
            [
              -122.0558298,
              36.9978074
            ],
            [
              -122.0558384,
              36.9977813
            ],
            [
              -122.055846,
              36.9977581
            ],
            [
              -122.0558824,
              36.9977657
            ],
            [
              -122.0558929,
              36.9977341
            ],
            [
              -122.0559426,
              36.9977445
            ],
            [
              -122.0559569,
              36.9977012
            ],
            [
              -122.0561125,
              36.9977339
            ],
            [
              -122.0560882,
              36.9978076
            ],
            [
              -122.0560359,
              36.9977966
            ],
            [
              -122.056007,
              36.9978841
            ],
            [
              -122.0561031,
              36.9979025
            ],
            [
              -122.0560615,
              36.9980235
            ],
            [
              -122.055812,
              36.9979752
            ],
            [
              -122.0558351,
              36.9978933
            ],
            [
              -122.0558532,
              36.9978382
            ],
            [
              -122.0558612,
              36.997814
            ]
          ]
        ]
      },
      "properties": {
        "location": "STUDENT UNION",
        "match_type": "exact_name",
        "osm_id": 37511142,
        "osm_type": "way",
        "matched_name": "STUDENT UNION"
      }
    },
    {
      "type": "Feature",
      "geometry": {
        "type": "Polygon",
        "coordinates": [
          [
            [
              -122.0643056,
              36.9915814
            ],
            [
              -122.0642988,
              36.9915949
            ],
            [
              -122.0639236,
              36.9914884
            ],
            [
              -122.0639988,
              36.9913119
            ],
            [
              -122.0639706,
              36.9912648
            ],
            [
              -122.0639263,
              36.9911903
            ],
            [
              -122.0639424,
              36.9911571
            ],
            [
              -122.0639867,
              36.9911679
            ],
            [
              -122.0639981,
              36.9911957
            ],
            [
              -122.0641152,
              36.9912262
            ],
            [
              -122.0641262,
              36.9912016
            ],
            [
              -122.0642047,
              36.991223
            ],
            [
              -122.0642238,
              36.9912545
            ],
            [
              -122.0642428,
              36.9912594
            ],
            [
              -122.0642784,
              36.99132
            ],
            [
              -122.0643005,
              36.9913521
            ],
            [
              -122.0643309,
              36.9913972
            ],
            [
              -122.0643785,
              36.9914114
            ],
            [
              -122.0643056,
              36.9915814
            ]
          ]
        ]
      },
      "properties": {
        "location": "WEST FIELD HOUSE",
        "match_type": "exact_name",
        "osm_id": 37480625,
        "osm_type": "way",
        "matched_name": "WEST FIELD HOUSE"
      }
    }
  ]
}